[    0.000000] Linux version 4.1.17+ (firmae@ubuntu) (gcc version 5.3.0 (GCC) ) #28 Sat Oct 31 17:56:39 KST 2020
[    0.000000] earlycon: Early serial console at I/O port 0x3f8 (options '38400n8')
[    0.000000] bootconsole [uart0] enabled
[    0.000000] CPU0 revision is: 00019300 (MIPS 24Kc)
[    0.000000] Software DMA cache coherency enabled
[    0.000000] Determined physical RAM map:
[    0.000000]  memory: 00001000 @ 00000000 (reserved)
[    0.000000]  memory: 000ef000 @ 00001000 (ROM data)
[    0.000000]  memory: 00788000 @ 000f0000 (reserved)
[    0.000000]  memory: 0f788000 @ 00878000 (usable)
[    0.000000] debug: ignoring loglevel setting.
[    0.000000] Wasting 69376 bytes for tracking 2168 unused pages
[    0.000000] Initrd not found or empty - disabling initrd
[    0.000000] Zone ranges:
[    0.000000]   DMA      [mem 0x0000000000000000-0x0000000000ffffff]
[    0.000000]   Normal   [mem 0x0000000001000000-0x000000000fffffff]
[    0.000000] Movable zone start for each node
[    0.000000] Early memory node ranges
[    0.000000]   node   0: [mem 0x0000000000000000-0x000000000fffffff]
[    0.000000] Initmem setup node 0 [mem 0x0000000000000000-0x000000000fffffff]
[    0.000000] On node 0 totalpages: 65536
[    0.000000] free_area_init_node: node 0, pgdat 808155b0, node_mem_map 81000000
[    0.000000]   DMA zone: 32 pages used for memmap
[    0.000000]   DMA zone: 0 pages reserved
[    0.000000]   DMA zone: 4096 pages, LIFO batch:0
[    0.000000]   Normal zone: 480 pages used for memmap
[    0.000000]   Normal zone: 61440 pages, LIFO batch:15
[    0.000000] Primary instruction cache 2kB, VIPT, 2-way, linesize 16 bytes.
[    0.000000] Primary data cache 2kB, 2-way, VIPT, no aliases, linesize 16 bytes
[    0.000000] pcpu-alloc: s0 r0 d32768 u32768 alloc=1*32768
[    0.000000] pcpu-alloc: [0] 0 
[    0.000000] Built 1 zonelists in Zone order, mobility grouping on.  Total pages: 65024
[    0.000000] Kernel command line: firmadyne.syscall=1 root=/dev/sda1 console=ttyS0 rw debug ignore_loglevel print-fatal-signals=1 FIRMAE_NET=true FIRMAE_NVRAM=true FIRMAE_KERNEL=true FIRMAE_ETC=true user_debug=31 LT500D_EMU=R25 
[    0.000000] found FIRMAE_KERNEL=t
[    0.000000] set the LD_PRELOAD=/firmadyne/libnvram_ioctl.so
[    0.000000] PID hash table entries: 1024 (order: 0, 4096 bytes)
[    0.000000] Dentry cache hash table entries: 32768 (order: 5, 131072 bytes)
[    0.000000] Inode-cache hash table entries: 16384 (order: 4, 65536 bytes)
[    0.000000] Writing ErrCtl register=00000000
[    0.000000] Readback ErrCtl register=00000000
[    0.000000] Memory: 251180K/262144K available (5331K kernel code, 246K rwdata, 1672K rodata, 228K init, 157K bss, 10964K reserved, 0K cma-reserved)
[    0.000000] NR_IRQS:256
[    0.000000] CPU frequency 320.00 MHz
[    0.000000] clocksource MIPS: mask: 0xffffffff max_cycles: 0xffffffff, max_idle_ns: 11945361513 ns
[    0.000120] sched_clock: 32 bits at 160MHz, resolution 6ns, wraps every 13421754364ns
[    0.007817] Console: colour dummy device 80x25
[    0.008771] Calibrating delay loop... 1062.91 BogoMIPS (lpj=2125824)
[    0.057204] pid_max: default: 32768 minimum: 301
[    0.058238] Mount-cache hash table entries: 1024 (order: 0, 4096 bytes)
[    0.058461] Mountpoint-cache hash table entries: 1024 (order: 0, 4096 bytes)
[    0.081252] clocksource jiffies: mask: 0xffffffff max_cycles: 0xffffffff, max_idle_ns: 7645041785100000 ns
[    0.086926] NET: Registered protocol family 16
[    0.096772] clocksource pit: mask: 0xffffffff max_cycles: 0xffffffff, max_idle_ns: 1601818034827 ns
[    0.109270] vgaarb: loaded
[    0.110392] SCSI subsystem initialized
[    0.111136] libata version 3.00 loaded.
[    0.111920] usbcore: registered new interface driver usbfs
[    0.112321] usbcore: registered new interface driver hub
[    0.112599] usbcore: registered new device driver usb
[    0.113161] pps_core: LinuxPPS API ver. 1 registered
[    0.113320] pps_core: Software ver. 5.3.6 - Copyright 2005-2007 Rodolfo Giometti <giometti@linux.it>
[    0.113644] PTP clock support registered
[    0.114681] PCI host bridge to bus 0000:00
[    0.115361] pci_bus 0000:00: root bus resource [mem 0x10000000-0x17ffffff]
[    0.115625] pci_bus 0000:00: root bus resource [io  0x1000-0x1fffff]
[    0.115939] pci_bus 0000:00: root bus resource [??? 0x00000000 flags 0x0]
[    0.116191] pci_bus 0000:00: No busn resource found for root bus, will use [bus 00-ff]
[    0.117268] pci 0000:00:00.0: [11ab:4620] type 00 class 0x060000
[    0.118065] pci 0000:00:00.0: [Firmware Bug]: reg 0x14: invalid BAR (can't size)
[    0.118302] pci 0000:00:00.0: [Firmware Bug]: reg 0x18: invalid BAR (can't size)
[    0.118522] pci 0000:00:00.0: [Firmware Bug]: reg 0x1c: invalid BAR (can't size)
[    0.118740] pci 0000:00:00.0: [Firmware Bug]: reg 0x20: invalid BAR (can't size)
[    0.118994] pci 0000:00:00.0: [Firmware Bug]: reg 0x24: invalid BAR (can't size)
[    0.120707] pci 0000:00:0a.0: [8086:7110] type 00 class 0x060100
[    0.121478] pci 0000:00:0a.1: [8086:7111] type 00 class 0x010180
[    0.121874] pci 0000:00:0a.1: reg 0x20: [io  0x0000-0x000f]
[    0.122121] pci 0000:00:0a.1: legacy IDE quirk: reg 0x10: [io  0x01f0-0x01f7]
[    0.122345] pci 0000:00:0a.1: legacy IDE quirk: reg 0x14: [io  0x03f6]
[    0.122556] pci 0000:00:0a.1: legacy IDE quirk: reg 0x18: [io  0x0170-0x0177]
[    0.122775] pci 0000:00:0a.1: legacy IDE quirk: reg 0x1c: [io  0x0376]
[    0.123231] pci 0000:00:0a.2: [8086:7112] type 00 class 0x0c0300
[    0.123610] pci 0000:00:0a.2: reg 0x20: [io  0x0000-0x001f]
[    0.123967] pci 0000:00:0a.3: [8086:7113] type 00 class 0x068000
[    0.124742] pci 0000:00:0a.3: quirk: [io  0x1000-0x103f] claimed by PIIX4 ACPI
[    0.125014] pci 0000:00:0a.3: quirk: [io  0x1100-0x110f] claimed by PIIX4 SMB
[    0.125509] pci 0000:00:12.0: [1013:00b8] type 00 class 0x030000
[    0.125729] pci 0000:00:12.0: reg 0x10: [mem 0x00000000-0x01ffffff pref]
[    0.125959] pci 0000:00:12.0: reg 0x14: [mem 0x00000000-0x00000fff]
[    0.126182] pci 0000:00:12.0: reg 0x30: [mem 0x00000000-0x0000ffff pref]
[    0.126677] vgaarb: device added: PCI:0000:00:12.0,decodes=io+mem,owns=none,locks=none
[    0.127015] pci 0000:00:13.0: [8086:100e] type 00 class 0x020000
[    0.127228] pci 0000:00:13.0: reg 0x10: [mem 0x00000000-0x0001ffff]
[    0.127420] pci 0000:00:13.0: reg 0x14: [io  0x0000-0x003f]
[    0.127763] pci 0000:00:13.0: reg 0x30: [mem 0x00000000-0x0007ffff pref]
[    0.128134] pci 0000:00:14.0: [8086:100e] type 00 class 0x020000
[    0.128330] pci 0000:00:14.0: reg 0x10: [mem 0x00000000-0x0001ffff]
[    0.128521] pci 0000:00:14.0: reg 0x14: [io  0x0000-0x003f]
[    0.128721] pci 0000:00:14.0: reg 0x30: [mem 0x00000000-0x0007ffff pref]
[    0.129269] pci_bus 0000:00: busn_res: [bus 00-ff] end is updated to 00
[    0.130446] pci 0000:00:12.0: BAR 0: assigned [mem 0x10000000-0x11ffffff pref]
[    0.130865] pci 0000:00:13.0: BAR 6: assigned [mem 0x12000000-0x1207ffff pref]
[    0.131147] pci 0000:00:14.0: BAR 6: assigned [mem 0x12080000-0x120fffff pref]
[    0.131360] pci 0000:00:13.0: BAR 0: assigned [mem 0x12100000-0x1211ffff]
[    0.131564] pci 0000:00:14.0: BAR 0: assigned [mem 0x12120000-0x1213ffff]
[    0.131918] pci 0000:00:12.0: BAR 6: assigned [mem 0x12140000-0x1214ffff pref]
[    0.132196] pci 0000:00:12.0: BAR 1: assigned [mem 0x12150000-0x12150fff]
[    0.132524] pci 0000:00:13.0: BAR 1: assigned [io  0x1040-0x107f]
[    0.132713] pci 0000:00:14.0: BAR 1: assigned [io  0x1080-0x10bf]
[    0.132925] pci 0000:00:0a.2: BAR 4: assigned [io  0x10c0-0x10df]
[    0.133108] pci 0000:00:0a.1: BAR 4: assigned [io  0x10e0-0x10ef]
[    0.141713] cfg80211: Calling CRDA to update world regulatory domain
[    0.143484] Switched to clocksource MIPS
[    0.152495] NET: Registered protocol family 2
[    0.156976] TCP established hash table entries: 2048 (order: 1, 8192 bytes)
[    0.157264] TCP bind hash table entries: 2048 (order: 1, 8192 bytes)
[    0.157551] TCP: Hash tables configured (established 2048 bind 2048)
[    0.158064] UDP hash table entries: 256 (order: 0, 4096 bytes)
[    0.158358] UDP-Lite hash table entries: 256 (order: 0, 4096 bytes)
[    0.159829] NET: Registered protocol family 1
[    0.160649] PCI: Enabling device 0000:00:0a.2 (0000 -> 0001)
[    0.161506] PCI: CLS 0 bytes, default 16
[    0.170523] futex hash table entries: 256 (order: -1, 3072 bytes)
[    0.175975] squashfs: version 4.0 (2009/01/31) Phillip Lougher
[    0.176438] jffs2: version 2.2. (NAND) © 2001-2006 Red Hat, Inc.
[    0.177095] romfs: ROMFS MTD (C) 2007 Red Hat, Inc.
[    0.183851] Block layer SCSI generic (bsg) driver version 0.4 loaded (major 251)
[    0.184184] io scheduler noop registered
[    0.184432] io scheduler cfq registered (default)
[    0.184708] firmadyne: devfs: 1, execute: 1, procfs: 1, syscall: 1
[    0.185443] firmadyne: Cannot register character device: gpio, 0xfc, 0x0!
[    0.186432] firmadyne: Cannot register character device: watchdog, 0xa, 0x82!
[    0.186667] firmadyne: Cannot register character device: wdt, 0xfd, 0x0!
[    0.229641] PCI: Enabling device 0000:00:12.0 (0000 -> 0002)
[    0.230806] cirrusfb 0000:00:12.0: Cirrus Logic chipset on PCI bus, RAM (4096 kB) at 0x10000000
[    0.461823] Console: switching to colour frame buffer device 80x30
[    0.476727] Serial: 8250/16550 driver, 4 ports, IRQ sharing enabled
[    0.479853] console [ttyS0] disabled
[    0.503286] serial8250.0: ttyS0 at I/O 0x3f8 (irq = 4, base_baud = 115200) is a 16550A
[    0.504771] console [ttyS0] enabled
[    0.504771] console [ttyS0] enabled
[    0.505237] bootconsole [uart0] disabled
[    0.505237] bootconsole [uart0] disabled
[    0.527232] serial8250.0: ttyS1 at I/O 0x2f8 (irq = 3, base_baud = 115200) is a 16550A
[    0.549634] serial8250.0: ttyS2 at MMIO 0x1f000900 (irq = 20, base_baud = 230400) is a 16550A
[    0.566336] brd: module loaded
[    0.572027] loop: module loaded
[    0.573082] ata_piix 0000:00:0a.1: version 2.13
[    0.573517] PCI: Enabling device 0000:00:0a.1 (0000 -> 0001)
[    0.580974] scsi host0: ata_piix
[    0.581927] scsi host1: ata_piix
[    0.582417] ata1: PATA max UDMA/33 cmd 0x1f0 ctl 0x3f6 bmdma 0x10e0 irq 14
[    0.582667] ata2: PATA max UDMA/33 cmd 0x170 ctl 0x376 bmdma 0x10e8 irq 15
[    0.585275] [nandsim] warning: read_byte: unexpected data output cycle, state is STATE_READY return 0x0
[    0.585583] [nandsim] warning: read_byte: unexpected data output cycle, state is STATE_READY return 0x0
[    0.585880] [nandsim] warning: read_byte: unexpected data output cycle, state is STATE_READY return 0x0
[    0.586155] [nandsim] warning: read_byte: unexpected data output cycle, state is STATE_READY return 0x0
[    0.586428] [nandsim] warning: read_byte: unexpected data output cycle, state is STATE_READY return 0x0
[    0.586701] [nandsim] warning: read_byte: unexpected data output cycle, state is STATE_READY return 0x0
[    0.587274] nand: device found, Manufacturer ID: 0x98, Chip ID: 0x39
[    0.587607] nand: Toshiba NAND 128MiB 1,8V 8-bit
[    0.587816] nand: 128 MiB, SLC, erase size: 16 KiB, page size: 512, OOB size: 16
[    0.588759] flash size: 128 MiB
[    0.588892] page size: 512 bytes
[    0.588999] OOB area size: 16 bytes
[    0.589112] sector size: 16 KiB
[    0.589213] pages number: 262144
[    0.589317] pages per sector: 32
[    0.589419] bus width: 8
[    0.589503] bits in sector size: 14
[    0.589613] bits in page size: 9
[    0.589731] bits in OOB size: 4
[    0.589858] flash size with OOB: 135168 KiB
[    0.589990] page address bytes: 4
[    0.590096] sector address bytes: 3
[    0.590207] options: 0x42
[    0.596955] Scanning device for bad blocks
[    0.651575] Creating 1 MTD partitions on "NAND 128MiB 1,8V 8-bit":
[    0.652078] 0x000000000000-0x000008000000 : "NAND simulator partition 0"
[    0.656307] tun: Universal TUN/TAP device driver, 1.6
[    0.656481] tun: (C) 1999-2004 Max Krasnyansky <maxk@qualcomm.com>
[    0.657036] pcnet32: pcnet32.c:v1.35 21.Apr.2008 tsbogend@alpha.franken.de
[    0.657390] e1000: Intel(R) PRO/1000 Network Driver - version 7.3.21-k8-NAPI
[    0.657609] e1000: Copyright (c) 1999-2006 Intel Corporation.
[    0.657977] PCI: Enabling device 0000:00:13.0 (0000 -> 0003)
[    0.921227] ata2.01: NODEV after polling detection
[    0.922809] ata2.00: ATAPI: QEMU DVD-ROM, 2.5+, max UDMA/100
[    0.924660] ata2.00: configured for UDMA/33
[    0.926889] ata1.01: NODEV after polling detection
[    0.927771] ata1.00: ATA-7: QEMU HARDDISK, 2.5+, max UDMA/100
[    0.928002] ata1.00: 1052672 sectors, multi 16: LBA48 
[    0.928549] ata1.00: configured for UDMA/33
[    0.936480] scsi 0:0:0:0: Direct-Access     ATA      QEMU HARDDISK    2.5+ PQ: 0 ANSI: 5
[    0.941664] scsi 1:0:0:0: CD-ROM            QEMU     QEMU DVD-ROM     2.5+ PQ: 0 ANSI: 5
[    0.943742] sd 0:0:0:0: [sda] 1052672 512-byte logical blocks: (538 MB/514 MiB)
[    0.946196] sd 0:0:0:0: [sda] Write Protect is off
[    0.946448] sd 0:0:0:0: [sda] Mode Sense: 00 3a 00 00
[    0.946963] sd 0:0:0:0: [sda] Write cache: enabled, read cache: enabled, doesn't support DPO or FUA
[    0.950927]  sda: sda1
[    0.954020] sd 0:0:0:0: [sda] Attached SCSI disk
[    0.979583] e1000 0000:00:13.0 eth0: (PCI:33MHz:32-bit) 52:54:00:12:34:56
[    0.980065] e1000 0000:00:13.0 eth0: Intel(R) PRO/1000 Network Connection
[    0.980365] PCI: Enabling device 0000:00:14.0 (0000 -> 0003)
[    1.273371] e1000 0000:00:14.0 eth1: (PCI:33MHz:32-bit) 52:54:00:12:34:57
[    1.273690] e1000 0000:00:14.0 eth1: Intel(R) PRO/1000 Network Connection
[    1.274072] e1000e: Intel(R) PRO/1000 Network Driver - 2.3.2-k
[    1.274258] e1000e: Copyright(c) 1999 - 2014 Intel Corporation.
[    1.274696] PPP generic driver version 2.4.2
[    1.275317] PPP Deflate Compression module registered
[    1.276002] PPP MPPE Compression module registered
[    1.276185] NET: Registered protocol family 24
[    1.276513] ehci_hcd: USB 2.0 'Enhanced' Host Controller (EHCI) Driver
[    1.276795] ehci-pci: EHCI PCI platform driver
[    1.277129] ohci_hcd: USB 1.1 'Open' Host Controller (OHCI) Driver
[    1.277364] ohci-pci: OHCI PCI platform driver
[    1.277668] uhci_hcd: USB Universal Host Controller Interface driver
[    1.278632] uhci_hcd 0000:00:0a.2: UHCI Host Controller
[    1.279172] uhci_hcd 0000:00:0a.2: new USB bus registered, assigned bus number 1
[    1.280240] uhci_hcd 0000:00:0a.2: irq 10, io base 0x000010c0
[    1.286766] hub 1-0:1.0: USB hub found
[    1.287319] hub 1-0:1.0: 2 ports detected
[    1.291200] usbcore: registered new interface driver usb-storage
[    1.292128] mousedev: PS/2 mouse device common for all mice
[    1.295136] rtc_cmos rtc_cmos: rtc core: registered rtc_cmos as rtc0
[    1.295743] rtc_cmos rtc_cmos: alarms up to one day, 242 bytes nvram
[    1.296180] i2c /dev entries driver
[    1.296550] piix4_smbus 0000:00:0a.3: SMBus Host Controller at 0x1100, revision 0
[    1.297678] sdhci: Secure Digital Host Controller Interface driver
[    1.297999] sdhci: Copyright(c) Pierre Ossman
[    1.298368] hidraw: raw HID events driver (C) Jiri Kosina
[    1.299893] usbcore: registered new interface driver usbhid
[    1.300134] usbhid: USB HID core driver
[    1.300529] Netfilter messages via NETLINK v0.30.
[    1.301222] nf_conntrack version 0.5.0 (3924 buckets, 15696 max)
[    1.302623] ctnetlink v0.93: registering with nfnetlink.
[    1.303812] ipip: IPv4 over IPv4 tunneling driver
[    1.307549] ip_tables: (C) 2000-2006 Netfilter Core Team
[    1.309384] arp_tables: (C) 2002 David S. Miller
[    1.310585] Initializing XFRM netlink socket
[    1.311045] NET: Registered protocol family 10
[    1.316579] ip6_tables: (C) 2000-2006 Netfilter Core Team
[    1.318227] sit: IPv6 over IPv4 tunneling driver
[    1.320865] NET: Registered protocol family 17
[    1.321422] bridge: automatic filtering via arp/ip/ip6tables has been deprecated. Update your scripts to load br_netfilter if you need this.
[    1.321909] Bridge firewalling registered
[    1.322085] Ebtables v2.0 registered
[    1.323167] 8021q: 802.1Q VLAN Support v1.8
[    1.326264] rtc_cmos rtc_cmos: setting system clock to 2026-09-19 08:34:46 UTC (1789806886)
[    1.346276] VFS: Mounted root (ext2 filesystem) on device 8:1.
[    1.347649] Freeing YAMON memory: 956k freed
[    1.386585] Freeing unused kernel memory: 228K (80817000 - 80850000)
[    1.395547] spurious 8259A interrupt: IRQ7.
[    1.459254] init: Console is alive
[    1.489858] init: - preinit -
[    1.528100] firmadyne: sys_socket[PID: 49 (procd)]: family:16, type:524289, protocol:15
[    1.529371] firmadyne: sys_setsockopt[PID: 49 (procd)]: fd:6, level:65535, optname:33
[    1.589205] firmadyne: do_execve: /firmadyne/console
[    1.589449] OFFSETS: offset of pid: 0x198 offset of comm: 0x278
[    1.755090] boot from spi
[    1.786362] mount_root: mounting /dev/root
[    1.794832] mount_root: loading kmods from internal overlay
[    1.824445] mount_root: failed to launch kmodloader from internal overlay
[    1.869134] block: attempting to load /etc/config/fstab
[    1.870871] block: unable to load configuration (fstab: Entry not found)
[    1.871206] block: no usable configuration
[    1.876383] urandom-seed: Seed file not found (/etc/urandom.seed)
[    1.921946] firmadyne: sys_socket[PID: 66 (bdinfo)]: family:1, type:524289, protocol:0
start
[    2.061298] firmadyne: sys_reboot[PID: 1 (procd)]: magic1:fee1dead, magic2:28121969, cmd:0
[    2.062682] procd: - early -
[    2.063528] firmadyne: sys_socket[PID: 1 (procd)]: family:16, type:524289, protocol:15
[    2.064004] firmadyne: sys_setsockopt[PID: 1 (procd)]: fd:6, level:65535, optname:33
[    2.354847] random: jshn urandom read with 87 bits of entropy available
[    2.378663] firmadyne: sys_socket[PID: 88 (ubus)]: family:1, type:2, protocol:0
[    2.449217] firmadyne: sys_socket[PID: 93 (block)]: family:1, type:524289, protocol:0
[    2.516868] firmadyne: sys_socket[PID: 98 (block)]: family:1, type:524289, protocol:0
[    2.585229] firmadyne: sys_socket[PID: 103 (block)]: family:1, type:524289, protocol:0
[    2.652195] firmadyne: sys_socket[PID: 108 (block)]: family:1, type:524289, protocol:0
[    2.705266] procd: - ubus -
[    2.740410] firmadyne: sys_socket[PID: 113 (block)]: family:1, type:524289, protocol:0
[    2.750177] firmadyne: sys_socket[PID: 114 (ubusd)]: family:1, type:2, protocol:0
[    2.750610] firmadyne: sys_setsockopt[PID: 114 (ubusd)]: fd:7, level:65535, optname:4
[    2.760258] firmadyne: sys_socket[PID: 1 (procd)]: family:1, type:2, protocol:0
[    2.763559] firmadyne: sys_socket[PID: 114 (ubusd)]: family:1, type:524289, protocol:0
[    2.794598] procd: - init -
[    2.882109] firmadyne: sys_socket[PID: 120 (block)]: family:1, type:524289, protocol:0
[    2.973155] firmadyne: sys_socket[PID: 125 (vconfig)]: family:2, type:2, protocol:0
[    3.006387] firmadyne: sys_socket[PID: 129 (block)]: family:1, type:524289, protocol:0
[    3.146896] firmadyne: sys_socket[PID: 138 (block)]: family:1, type:524289, protocol:0
[    3.280520] firmadyne: sys_socket[PID: 148 (block)]: family:1, type:524289, protocol:0
[    3.287765] cfg80211: Calling CRDA to update world regulatory domain
[    3.417352] firmadyne: sys_socket[PID: 157 (block)]: family:1, type:524289, protocol:0
[    3.587202] firmadyne: sys_socket[PID: 166 (block)]: family:1, type:524289, protocol:0
[    3.763322] firmadyne: sys_socket[PID: 181 (block)]: family:1, type:524289, protocol:0
[    3.776038] firmadyne: sys_socket[PID: 182 (logger)]: family:1, type:524289, protocol:0
[    3.779759] firmadyne: sys_socket[PID: 1 (procd)]: family:1, type:524289, protocol:0
[    3.833681] random: nonblocking pool is initialized
[    3.909797] firmadyne: sys_socket[PID: 191 (block)]: family:1, type:524289, protocol:0
[    3.991320] firmadyne: sys_socket[PID: 196 (rmmod)]: family:1, type:524289, protocol:0
[    4.049692] firmadyne: sys_socket[PID: 200 (block)]: family:1, type:524289, protocol:0
[    4.177602] firmadyne: sys_socket[PID: 212 (block)]: family:1, type:524289, protocol:0
[    4.247620] firmadyne: sys_socket[PID: 218 (block)]: family:1, type:524289, protocol:0
[    4.317992] firmadyne: sys_socket[PID: 223 (block)]: family:1, type:524289, protocol:0
[    4.387110] firmadyne: sys_socket[PID: 228 (block)]: family:1, type:524289, protocol:0
[    4.457167] firmadyne: sys_socket[PID: 233 (block)]: family:1, type:524289, protocol:0
[    4.525059] firmadyne: sys_socket[PID: 238 (block)]: family:1, type:524289, protocol:0
[    4.593312] firmadyne: sys_socket[PID: 243 (block)]: family:1, type:524289, protocol:0
[    4.662335] firmadyne: sys_socket[PID: 248 (block)]: family:1, type:524289, protocol:0
[    4.731704] firmadyne: sys_socket[PID: 253 (block)]: family:1, type:524289, protocol:0
[    4.801890] firmadyne: sys_socket[PID: 258 (block)]: family:1, type:524289, protocol:0
[    4.872754] firmadyne: sys_socket[PID: 263 (block)]: family:1, type:524289, protocol:0
[    4.942755] firmadyne: sys_socket[PID: 268 (block)]: family:1, type:524289, protocol:0
[    5.010578] firmadyne: sys_socket[PID: 273 (block)]: family:1, type:524289, protocol:0
[    5.931946] firmadyne: sys_socket[PID: 307 (bdinfo)]: family:1, type:524289, protocol:0
[    6.109426] firmadyne: sys_socket[PID: 317 (bdinfo)]: family:1, type:524289, protocol:0
[    6.431938] cfg80211: Calling CRDA to update world regulatory domain
[    8.771070] firmadyne: sys_socket[PID: 406 (bdinfo)]: family:1, type:524289, protocol:0
[    8.794566] firmadyne: sys_socket[PID: 407 (bdinfo)]: family:1, type:524289, protocol:0
[    9.575902] cfg80211: Calling CRDA to update world regulatory domain
[    9.865402] firmadyne: sys_socket[PID: 409 (passwd)]: family:1, type:524289, protocol:0
[   10.954431] firmadyne: sys_socket[PID: 481 (ifconfig)]: family:2, type:1, protocol:0
[   11.023650] firmadyne: sys_socket[PID: 490 (ifconfig)]: family:2, type:1, protocol:0
[   11.050561] firmadyne: sys_socket[PID: 498 (bdinfo)]: family:1, type:524289, protocol:0
[   11.074640] firmadyne: sys_socket[PID: 499 (bdinfo)]: family:1, type:524289, protocol:0
[   11.099023] firmadyne: sys_socket[PID: 500 (bdinfo)]: family:1, type:524289, protocol:0
[   12.719478] cfg80211: Calling CRDA to update world regulatory domain
[   14.206276] firmadyne: sys_socket[PID: 660 (bdinfo)]: family:1, type:524289, protocol:0
[   15.766009] firmadyne: sys_socket[PID: 741 (bdinfo)]: family:1, type:524289, protocol:0
[   15.832879] firmadyne: sys_socket[PID: 745 (bdinfo)]: family:1, type:524289, protocol:0
[   15.863501] cfg80211: Calling CRDA to update world regulatory domain
[   15.890898] firmadyne: sys_socket[PID: 749 (bdinfo)]: family:1, type:524289, protocol:0
[   15.940725] firmadyne: sys_socket[PID: 753 (bdinfo)]: family:1, type:524289, protocol:0
[   16.136246] firmadyne: sys_socket[PID: 763 (bdinfo)]: family:1, type:524289, protocol:0
[   19.007493] cfg80211: Calling CRDA to update world regulatory domain
[   22.151529] cfg80211: Calling CRDA to update world regulatory domain
[   25.295561] cfg80211: Calling CRDA to update world regulatory domain
[   27.268963] firmadyne: sys_socket[PID: 1367 (ubus)]: family:1, type:2, protocol:0
[   27.812519] firmadyne: sys_socket[PID: 1394 (ubus)]: family:1, type:2, protocol:0
[   27.943932] firmadyne: sys_socket[PID: 1395 (logd)]: family:1, type:1, protocol:0
[   27.944491] firmadyne: sys_setsockopt[PID: 1395 (logd)]: fd:6, level:65535, optname:4
[   27.946995] firmadyne: sys_socket[PID: 1395 (logd)]: family:1, type:2, protocol:0
[   28.107718] firmadyne: sys_socket[PID: 1409 (ubus)]: family:1, type:2, protocol:0
[   28.178614] firmadyne: sys_socket[PID: 1410 (rpcd)]: family:1, type:2, protocol:0
[   28.390491] firmadyne: sys_socket[PID: 1424 (ubus)]: family:1, type:2, protocol:0
[   28.439535] cfg80211: Calling CRDA to update world regulatory domain
[   28.481547] firmadyne: sys_socket[PID: 1425 (softapd)]: family:1, type:524289, protocol:0
[   28.622476] firmadyne: sys_socket[PID: 1438 (logger)]: family:1, type:524289, protocol:0
[   28.814860] firmadyne: sys_socket[PID: 1450 (ubus)]: family:1, type:2, protocol:0
[   28.884941] firmadyne: sys_socket[PID: 1451 (hyfibrd)]: family:1, type:524289, protocol:0
[   28.896893] firmadyne: sys_socket[PID: 1451 (hyfibrd)]: family:16, type:3, protocol:26
[   29.163095] firmadyne: sys_socket[PID: 1467 (ubus)]: family:1, type:2, protocol:0
[   29.428129] firmadyne: sys_socket[PID: 1477 (fw3)]: family:1, type:2, protocol:0
[   29.461856] firmadyne: sys_socket[PID: 1477 (fw3)]: family:2, type:3, protocol:255
[   29.494939] firmadyne: sys_socket[PID: 1477 (fw3)]: family:10, type:524289, protocol:17
[   29.500925] firmadyne: sys_socket[PID: 1477 (fw3)]: family:10, type:524289, protocol:17
[   29.508448] firmadyne: sys_socket[PID: 1477 (fw3)]: family:10, type:524289, protocol:17
[   29.508835] firmadyne: sys_socket[PID: 1477 (fw3)]: family:10, type:524289, protocol:17
[   29.509313] firmadyne: sys_socket[PID: 1477 (fw3)]: family:10, type:524289, protocol:17
[   29.509614] firmadyne: sys_socket[PID: 1477 (fw3)]: family:10, type:524289, protocol:17
[   29.510091] firmadyne: sys_socket[PID: 1477 (fw3)]: family:10, type:524289, protocol:17
[   29.510393] firmadyne: sys_socket[PID: 1477 (fw3)]: family:10, type:524289, protocol:17
[   29.511229] firmadyne: sys_socket[PID: 1477 (fw3)]: family:10, type:524289, protocol:17
[   29.514962] firmadyne: sys_socket[PID: 1477 (fw3)]: family:10, type:524289, protocol:17
[   29.519969] firmadyne: sys_socket[PID: 1477 (fw3)]: family:10, type:524289, protocol:17
[   29.520320] firmadyne: sys_socket[PID: 1477 (fw3)]: family:10, type:524289, protocol:17
[   29.520736] firmadyne: sys_socket[PID: 1477 (fw3)]: family:10, type:524289, protocol:17
[   29.521060] firmadyne: sys_socket[PID: 1477 (fw3)]: family:10, type:524289, protocol:17
[   29.521707] firmadyne: sys_socket[PID: 1477 (fw3)]: family:10, type:524289, protocol:17
[   29.522063] firmadyne: sys_socket[PID: 1477 (fw3)]: family:10, type:524289, protocol:17
[   29.522675] firmadyne: sys_socket[PID: 1477 (fw3)]: family:10, type:524289, protocol:17
[   29.523002] firmadyne: sys_socket[PID: 1477 (fw3)]: family:10, type:524289, protocol:17
[   29.523321] firmadyne: sys_socket[PID: 1477 (fw3)]: family:10, type:524289, protocol:17
[   29.527535] firmadyne: sys_socket[PID: 1477 (fw3)]: family:10, type:524289, protocol:17
[   29.535796] firmadyne: sys_setsockopt[PID: 1477 (fw3)]: fd:7, level:0, optname:64
[   29.544811] firmadyne: sys_socket[PID: 1477 (fw3)]: family:2, type:3, protocol:255
[   29.545478] firmadyne: sys_socket[PID: 1477 (fw3)]: family:2, type:3, protocol:255
[   29.546191] firmadyne: sys_socket[PID: 1477 (fw3)]: family:10, type:3, protocol:255
[   29.551343] firmadyne: sys_socket[PID: 1477 (fw3)]: family:10, type:524289, protocol:17
[   29.555695] firmadyne: sys_socket[PID: 1477 (fw3)]: family:10, type:524289, protocol:17
[   29.558931] firmadyne: sys_socket[PID: 1477 (fw3)]: family:10, type:524289, protocol:17
[   29.559245] firmadyne: sys_socket[PID: 1477 (fw3)]: family:10, type:524289, protocol:17
[   29.564044] firmadyne: sys_socket[PID: 1477 (fw3)]: family:10, type:524289, protocol:17
[   29.564369] firmadyne: sys_socket[PID: 1477 (fw3)]: family:10, type:524289, protocol:17
[   29.564882] firmadyne: sys_socket[PID: 1477 (fw3)]: family:10, type:524289, protocol:17
[   29.565186] firmadyne: sys_socket[PID: 1477 (fw3)]: family:10, type:524289, protocol:17
[   29.565579] firmadyne: sys_socket[PID: 1477 (fw3)]: family:10, type:524289, protocol:17
[   29.565901] firmadyne: sys_socket[PID: 1477 (fw3)]: family:10, type:524289, protocol:17
[   29.566400] firmadyne: sys_socket[PID: 1477 (fw3)]: family:10, type:524289, protocol:17
[   29.566692] firmadyne: sys_socket[PID: 1477 (fw3)]: family:10, type:524289, protocol:17
[   29.567255] firmadyne: sys_socket[PID: 1477 (fw3)]: family:10, type:524289, protocol:17
[   29.571598] firmadyne: sys_socket[PID: 1477 (fw3)]: family:10, type:524289, protocol:17
[   29.572017] firmadyne: sys_socket[PID: 1477 (fw3)]: family:10, type:524289, protocol:17
[   29.572313] firmadyne: sys_socket[PID: 1477 (fw3)]: family:10, type:524289, protocol:17
[   29.574617] firmadyne: sys_setsockopt[PID: 1477 (fw3)]: fd:10, level:41, optname:64
[   29.584418] firmadyne: sys_socket[PID: 1477 (fw3)]: family:10, type:3, protocol:255
[   29.585093] firmadyne: sys_socket[PID: 1477 (fw3)]: family:10, type:3, protocol:255
[   29.684925] firmadyne: sys_socket[PID: 1492 (ipset)]: family:16, type:3, protocol:12
[   29.709287] firmadyne: sys_socket[PID: 1496 (ipset)]: family:16, type:3, protocol:12
[   29.761993] firmadyne: sys_socket[PID: 1500 (ipset)]: family:16, type:3, protocol:12
[   29.801386] firmadyne: sys_socket[PID: 1504 (ipset)]: family:16, type:3, protocol:12
[   29.825907] firmadyne: sys_socket[PID: 1508 (ipset)]: family:16, type:3, protocol:12
[   30.303584] firmadyne: sys_socket[PID: 1512 (ipset)]: family:16, type:3, protocol:12
[   30.369843] firmadyne: sys_socket[PID: 1522 (ipset)]: family:16, type:3, protocol:12
[   30.409250] firmadyne: sys_socket[PID: 1526 (ipset)]: family:16, type:3, protocol:12
[   30.557456] firmadyne: sys_socket[PID: 1532 (iptables)]: family:1, type:2, protocol:0
[   30.558557] firmadyne: sys_socket[PID: 1532 (iptables)]: family:2, type:3, protocol:255
[   30.616465] firmadyne: sys_socket[PID: 1535 (ip6tables)]: family:1, type:2, protocol:0
[   30.616958] firmadyne: sys_socket[PID: 1535 (ip6tables)]: family:10, type:3, protocol:255
[   30.666075] firmadyne: sys_socket[PID: 1537 (iptables)]: family:1, type:2, protocol:0
[   30.666584] firmadyne: sys_socket[PID: 1537 (iptables)]: family:2, type:3, protocol:255
[   30.713016] firmadyne: sys_socket[PID: 1539 (iptables)]: family:1, type:2, protocol:0
[   30.713493] firmadyne: sys_socket[PID: 1539 (iptables)]: family:2, type:3, protocol:255
[   30.756891] firmadyne: sys_socket[PID: 1541 (ip6tables)]: family:1, type:2, protocol:0
[   30.757308] firmadyne: sys_socket[PID: 1541 (ip6tables)]: family:10, type:3, protocol:255
[   30.801904] firmadyne: sys_socket[PID: 1543 (ip6tables)]: family:1, type:2, protocol:0
[   30.802328] firmadyne: sys_socket[PID: 1543 (ip6tables)]: family:10, type:3, protocol:255
[   30.966461] firmadyne: sys_socket[PID: 1549 (iptables)]: family:1, type:2, protocol:0
[   30.967024] firmadyne: sys_socket[PID: 1549 (iptables)]: family:2, type:3, protocol:255
[   30.973614] firmadyne: sys_setsockopt[PID: 1549 (iptables)]: fd:4, level:0, optname:64
[   30.979895] firmadyne: sys_setsockopt[PID: 1549 (iptables)]: fd:4, level:0, optname:65
[   31.027504] firmadyne: sys_socket[PID: 1552 (iptables)]: family:10, type:524289, protocol:17
[   31.029411] firmadyne: sys_socket[PID: 1552 (iptables)]: family:10, type:524289, protocol:17
[   31.037538] firmadyne: sys_socket[PID: 1552 (iptables)]: family:1, type:2, protocol:0
[   31.038051] firmadyne: sys_socket[PID: 1552 (iptables)]: family:2, type:3, protocol:255
[   31.045052] firmadyne: sys_setsockopt[PID: 1552 (iptables)]: fd:4, level:0, optname:64
[   31.045919] firmadyne: sys_setsockopt[PID: 1552 (iptables)]: fd:4, level:0, optname:65
[   31.099824] firmadyne: sys_socket[PID: 1554 (iptables)]: family:1, type:2, protocol:0
[   31.100334] firmadyne: sys_socket[PID: 1554 (iptables)]: family:2, type:3, protocol:255
[   31.103128] firmadyne: sys_setsockopt[PID: 1554 (iptables)]: fd:4, level:0, optname:64
[   31.107974] firmadyne: sys_setsockopt[PID: 1554 (iptables)]: fd:4, level:0, optname:65
[   31.160193] firmadyne: sys_socket[PID: 1556 (ip6tables)]: family:1, type:2, protocol:0
[   31.160673] firmadyne: sys_socket[PID: 1556 (ip6tables)]: family:10, type:3, protocol:255
[   31.163120] firmadyne: sys_setsockopt[PID: 1556 (ip6tables)]: fd:4, level:41, optname:64
[   31.171698] firmadyne: sys_setsockopt[PID: 1556 (ip6tables)]: fd:4, level:41, optname:65
[   31.219950] firmadyne: sys_socket[PID: 1559 (ip6tables)]: family:10, type:524289, protocol:17
[   31.220571] firmadyne: sys_socket[PID: 1559 (ip6tables)]: family:10, type:524289, protocol:17
[   31.231863] firmadyne: sys_socket[PID: 1559 (ip6tables)]: family:1, type:2, protocol:0
[   31.232269] firmadyne: sys_socket[PID: 1559 (ip6tables)]: family:10, type:3, protocol:255
[   31.235150] firmadyne: sys_setsockopt[PID: 1559 (ip6tables)]: fd:4, level:41, optname:64
[   31.236173] firmadyne: sys_setsockopt[PID: 1559 (ip6tables)]: fd:4, level:41, optname:65
[   31.277433] firmadyne: sys_socket[PID: 1561 (ip6tables)]: family:1, type:2, protocol:0
[   31.277901] firmadyne: sys_socket[PID: 1561 (ip6tables)]: family:10, type:3, protocol:255
[   31.288834] firmadyne: sys_setsockopt[PID: 1561 (ip6tables)]: fd:4, level:41, optname:64
[   31.289526] firmadyne: sys_setsockopt[PID: 1561 (ip6tables)]: fd:4, level:41, optname:65
[   31.391952] firmadyne: sys_socket[PID: 1565 (iptables)]: family:1, type:2, protocol:0
[   31.392468] firmadyne: sys_socket[PID: 1565 (iptables)]: family:2, type:3, protocol:255
[   31.399633] firmadyne: sys_setsockopt[PID: 1565 (iptables)]: fd:4, level:0, optname:64
[   31.400357] firmadyne: sys_setsockopt[PID: 1565 (iptables)]: fd:4, level:0, optname:65
[   31.447710] firmadyne: sys_socket[PID: 1567 (ip6tables)]: family:1, type:2, protocol:0
[   31.448220] firmadyne: sys_socket[PID: 1567 (ip6tables)]: family:10, type:3, protocol:255
[   31.451341] firmadyne: sys_setsockopt[PID: 1567 (ip6tables)]: fd:4, level:41, optname:64
[   31.456943] firmadyne: sys_setsockopt[PID: 1567 (ip6tables)]: fd:4, level:41, optname:65
[   31.549315] firmadyne: sys_socket[PID: 1572 (iptables)]: family:1, type:2, protocol:0
[   31.549841] firmadyne: sys_socket[PID: 1572 (iptables)]: family:2, type:3, protocol:255
[   31.584061] cfg80211: Calling CRDA to update world regulatory domain
[   31.607607] firmadyne: sys_socket[PID: 1573 (iptables)]: family:1, type:2, protocol:0
[   31.608124] firmadyne: sys_socket[PID: 1573 (iptables)]: family:2, type:3, protocol:255
[   31.650985] firmadyne: sys_socket[PID: 1575 (iptables)]: family:1, type:2, protocol:0
[   31.656561] firmadyne: sys_socket[PID: 1575 (iptables)]: family:2, type:3, protocol:255
[   31.663933] firmadyne: sys_setsockopt[PID: 1575 (iptables)]: fd:4, level:0, optname:64
[   31.664459] firmadyne: sys_setsockopt[PID: 1575 (iptables)]: fd:4, level:0, optname:65
[   31.712941] firmadyne: sys_socket[PID: 1578 (iptables)]: family:1, type:2, protocol:0
[   31.713389] firmadyne: sys_socket[PID: 1578 (iptables)]: family:2, type:3, protocol:255
[   32.269066] firmadyne: sys_socket[PID: 1597 (iptables)]: family:1, type:2, protocol:0
[   32.269540] firmadyne: sys_socket[PID: 1597 (iptables)]: family:2, type:3, protocol:255
[   32.328997] firmadyne: sys_socket[PID: 1599 (iptables)]: family:1, type:2, protocol:0
[   32.329520] firmadyne: sys_socket[PID: 1599 (iptables)]: family:2, type:3, protocol:255
[   32.336206] firmadyne: sys_setsockopt[PID: 1599 (iptables)]: fd:4, level:0, optname:64
[   32.401075] firmadyne: sys_socket[PID: 1603 (iptables)]: family:1, type:2, protocol:0
[   32.401591] firmadyne: sys_socket[PID: 1603 (iptables)]: family:2, type:3, protocol:255
[   32.464786] firmadyne: sys_socket[PID: 1606 (iptables)]: family:1, type:2, protocol:0
[   32.465327] firmadyne: sys_socket[PID: 1606 (iptables)]: family:2, type:3, protocol:255
[   32.522408] firmadyne: sys_socket[PID: 1608 (iptables)]: family:1, type:2, protocol:0
[   32.522946] firmadyne: sys_socket[PID: 1608 (iptables)]: family:2, type:3, protocol:255
[   32.869329] firmadyne: sys_socket[PID: 1625 (iptables)]: family:1, type:2, protocol:0
[   32.869808] firmadyne: sys_socket[PID: 1625 (iptables)]: family:2, type:3, protocol:255
[   32.919388] firmadyne: sys_socket[PID: 1626 (iptables)]: family:1, type:2, protocol:0
[   32.923824] firmadyne: sys_socket[PID: 1626 (iptables)]: family:2, type:3, protocol:255
[   32.969132] firmadyne: sys_socket[PID: 1629 (iptables)]: family:1, type:2, protocol:0
[   32.969606] firmadyne: sys_socket[PID: 1629 (iptables)]: family:2, type:3, protocol:255
[   33.012930] firmadyne: sys_socket[PID: 1631 (iptables)]: family:1, type:2, protocol:0
[   33.013380] firmadyne: sys_socket[PID: 1631 (iptables)]: family:2, type:3, protocol:255
[   33.061164] firmadyne: sys_socket[PID: 1633 (iptables)]: family:1, type:2, protocol:0
[   33.061655] firmadyne: sys_socket[PID: 1633 (iptables)]: family:2, type:3, protocol:255
[   33.110414] firmadyne: sys_socket[PID: 1635 (iptables)]: family:1, type:2, protocol:0
[   33.111002] firmadyne: sys_socket[PID: 1635 (iptables)]: family:2, type:3, protocol:255
[   33.376576] firmadyne: sys_socket[PID: 1645 (ubus)]: family:1, type:2, protocol:0
[   33.548049] firmadyne: sys_socket[PID: 1651 (logger)]: family:1, type:524289, protocol:0
[   33.597752] firmadyne: sys_socket[PID: 1652 (softapd)]: family:1, type:524289, protocol:0
[   33.672661] firmadyne: sys_socket[PID: 1656 (iptables)]: family:1, type:2, protocol:0
[   33.673194] firmadyne: sys_socket[PID: 1656 (iptables)]: family:2, type:3, protocol:255
[   33.715281] firmadyne: sys_socket[PID: 1658 (iptables)]: family:1, type:2, protocol:0
[   33.723262] firmadyne: sys_socket[PID: 1658 (iptables)]: family:2, type:3, protocol:255
[   33.760526] firmadyne: sys_socket[PID: 1660 (ip)]: family:16, type:524291, protocol:0
[   33.760978] firmadyne: sys_setsockopt[PID: 1660 (ip)]: fd:3, level:65535, optname:4097
[   33.761450] firmadyne: sys_setsockopt[PID: 1660 (ip)]: fd:3, level:65535, optname:4098
[   33.809206] firmadyne: sys_socket[PID: 1662 (ipset)]: family:16, type:3, protocol:12
[   33.851787] firmadyne: sys_socket[PID: 1665 (ipset)]: family:16, type:3, protocol:12
[   33.886644] firmadyne: sys_socket[PID: 1669 (ipset)]: family:16, type:3, protocol:12
[   33.929705] firmadyne: sys_socket[PID: 1673 (ipset)]: family:16, type:3, protocol:12
[   33.965213] firmadyne: sys_socket[PID: 1675 (hyfibrd)]: family:1, type:524289, protocol:0
[   33.976812] firmadyne: sys_socket[PID: 1675 (hyfibrd)]: family:16, type:3, protocol:26
[   33.981680] firmadyne: sys_socket[PID: 1678 (ipset)]: family:16, type:3, protocol:12
[   34.014834] firmadyne: sys_socket[PID: 1682 (ubus)]: family:1, type:2, protocol:0
[   34.020518] firmadyne: sys_socket[PID: 1684 (ipset)]: family:16, type:3, protocol:12
[   34.074513] firmadyne: sys_socket[PID: 1688 (ipset)]: family:16, type:3, protocol:12
[   34.092470] firmadyne: sys_socket[PID: 1691 (ipset)]: family:16, type:3, protocol:12
[   34.221174] firmadyne: sys_socket[PID: 1699 (iptables)]: family:1, type:2, protocol:0
[   34.221701] firmadyne: sys_socket[PID: 1699 (iptables)]: family:2, type:3, protocol:255
[   34.225061] firmadyne: sys_setsockopt[PID: 1699 (iptables)]: fd:4, level:0, optname:64
[   34.225591] firmadyne: sys_setsockopt[PID: 1699 (iptables)]: fd:4, level:0, optname:65
[   34.246445] firmadyne: sys_socket[PID: 1700 (iptables)]: family:1, type:2, protocol:0
[   34.246941] firmadyne: sys_socket[PID: 1700 (iptables)]: family:2, type:3, protocol:255
[   34.249103] firmadyne: sys_socket[PID: 1700 (iptables)]: family:2, type:3, protocol:255
[   34.270725] firmadyne: sys_socket[PID: 1705 (iptables)]: family:1, type:2, protocol:0
[   34.271229] firmadyne: sys_socket[PID: 1705 (iptables)]: family:2, type:3, protocol:255
[   34.272754] firmadyne: sys_socket[PID: 1705 (iptables)]: family:2, type:3, protocol:255
[   34.294400] firmadyne: sys_socket[PID: 1710 (ip6tables)]: family:1, type:2, protocol:0
[   34.294862] firmadyne: sys_socket[PID: 1710 (ip6tables)]: family:10, type:3, protocol:255
[   34.298232] firmadyne: sys_setsockopt[PID: 1710 (ip6tables)]: fd:4, level:41, optname:64
[   34.298810] firmadyne: sys_setsockopt[PID: 1710 (ip6tables)]: fd:4, level:41, optname:65
[   34.389352] firmadyne: sys_socket[PID: 1714 (iptables)]: family:1, type:2, protocol:0
[   34.389893] firmadyne: sys_socket[PID: 1714 (iptables)]: family:2, type:3, protocol:255
[   34.416305] firmadyne: sys_socket[PID: 1716 (iptables)]: family:1, type:2, protocol:0
[   34.416820] firmadyne: sys_socket[PID: 1716 (iptables)]: family:2, type:3, protocol:255
[   34.440992] firmadyne: sys_socket[PID: 1717 (iptables)]: family:1, type:2, protocol:0
[   34.441486] firmadyne: sys_socket[PID: 1717 (iptables)]: family:2, type:3, protocol:255
[   34.442838] firmadyne: sys_socket[PID: 1717 (iptables)]: family:2, type:3, protocol:255
[   34.485301] firmadyne: sys_socket[PID: 1723 (iptables)]: family:1, type:2, protocol:0
[   34.485822] firmadyne: sys_socket[PID: 1723 (iptables)]: family:2, type:3, protocol:255
[   34.487098] firmadyne: sys_socket[PID: 1723 (iptables)]: family:2, type:3, protocol:255
[   34.511478] firmadyne: sys_socket[PID: 1729 (iptables)]: family:1, type:2, protocol:0
[   34.511996] firmadyne: sys_socket[PID: 1729 (iptables)]: family:2, type:3, protocol:255
[   34.513153] firmadyne: sys_socket[PID: 1729 (iptables)]: family:2, type:3, protocol:255
[   34.553511] firmadyne: sys_socket[PID: 1735 (ip6tables)]: family:1, type:2, protocol:0
[   34.553999] firmadyne: sys_socket[PID: 1735 (ip6tables)]: family:10, type:3, protocol:255
[   34.581543] firmadyne: sys_socket[PID: 1737 (ip6tables)]: family:1, type:2, protocol:0
[   34.582027] firmadyne: sys_socket[PID: 1737 (ip6tables)]: family:10, type:3, protocol:255
[   34.589645] firmadyne: sys_socket[PID: 1477 (fw3)]: family:16, type:524291, protocol:0
[   34.727505] cfg80211: Exceeded CRDA call max attempts. Not calling CRDA
[   34.743196] firmadyne: sys_socket[PID: 1744 (ubus)]: family:1, type:2, protocol:0
[   34.961371] firmadyne: sys_socket[PID: 1752 (swconfig)]: family:16, type:3, protocol:16
[   34.961844] firmadyne: sys_setsockopt[PID: 1752 (swconfig)]: fd:3, level:65535, optname:4097
[   34.962151] firmadyne: sys_setsockopt[PID: 1752 (swconfig)]: fd:3, level:65535, optname:4098
[   35.311263] firmadyne: sys_socket[PID: 1770 (ubus)]: family:1, type:2, protocol:0
[   35.392515] firmadyne: sys_socket[PID: 1771 (netifd)]: family:1, type:524289, protocol:0
[   35.407797] firmadyne: sys_socket[PID: 1771 (netifd)]: family:1, type:2, protocol:0
[   35.594266] firmadyne: sys_socket[PID: 1781 (ubus)]: family:1, type:2, protocol:0
[   35.663032] firmadyne: sys_socket[PID: 1786 (ubus)]: family:1, type:2, protocol:0
[   36.126559] firmadyne: sys_socket[PID: 1789 (usbmode)]: family:16, type:524419, protocol:15
[   36.139561] firmadyne: sys_setsockopt[PID: 1789 (usbmode)]: fd:3, level:65535, optname:17
[   36.169705] firmadyne: sys_socket[PID: 1808 (logger)]: family:1, type:524289, protocol:0
[   36.643920] firmadyne: sys_socket[PID: 1839 (ubus)]: family:1, type:2, protocol:0
[   37.400400] firmadyne: sys_socket[PID: 1884 (ubus)]: family:1, type:2, protocol:0
[   37.518789] firmadyne: sys_socket[PID: 1888 (odhcpd)]: family:2, type:524289, protocol:0
[   37.540453] firmadyne: sys_socket[PID: 1888 (odhcpd)]: family:16, type:3, protocol:0
[   37.540866] firmadyne: sys_setsockopt[PID: 1888 (odhcpd)]: fd:8, level:65535, optname:4097
[   37.541168] firmadyne: sys_setsockopt[PID: 1888 (odhcpd)]: fd:8, level:65535, optname:4098
[   37.541751] firmadyne: sys_socket[PID: 1888 (odhcpd)]: family:16, type:3, protocol:0
[   37.542029] firmadyne: sys_setsockopt[PID: 1888 (odhcpd)]: fd:9, level:65535, optname:4097
[   37.542286] firmadyne: sys_setsockopt[PID: 1888 (odhcpd)]: fd:9, level:65535, optname:4098
[   37.542584] firmadyne: sys_setsockopt[PID: 1888 (odhcpd)]: fd:9, level:65535, optname:4097
[   37.542861] firmadyne: sys_setsockopt[PID: 1888 (odhcpd)]: fd:9, level:65535, optname:4098
[   37.543247] firmadyne: sys_setsockopt[PID: 1888 (odhcpd)]: fd:9, level:270, optname:1
[   37.562671] firmadyne: sys_setsockopt[PID: 1888 (odhcpd)]: fd:9, level:270, optname:1
[   37.562996] firmadyne: sys_setsockopt[PID: 1888 (odhcpd)]: fd:9, level:270, optname:1
[   37.563244] firmadyne: sys_setsockopt[PID: 1888 (odhcpd)]: fd:9, level:270, optname:1
[   37.564183] firmadyne: sys_setsockopt[PID: 1888 (odhcpd)]: fd:9, level:270, optname:1
[   37.564579] firmadyne: sys_socket[PID: 1888 (odhcpd)]: family:10, type:1, protocol:0
[   37.567080] firmadyne: sys_socket[PID: 1888 (odhcpd)]: family:1, type:2, protocol:0
[   37.598021] firmadyne: sys_socket[PID: 1891 (ubus)]: family:1, type:2, protocol:0
[   38.009762] firmadyne: sys_socket[PID: 1911 (ubus)]: family:1, type:2, protocol:0
[   38.114993] firmadyne: sys_socket[PID: 1913 (gcom)]: family:1, type:524289, protocol:0
[   38.271912] firmadyne: sys_socket[PID: 1917 (block)]: family:1, type:524289, protocol:0
[   38.498889] firmadyne: sys_socket[PID: 1771 (netifd)]: family:1, type:1, protocol:0
[   38.500011] firmadyne: sys_socket[PID: 1771 (netifd)]: family:16, type:3, protocol:0
[   38.500398] firmadyne: sys_setsockopt[PID: 1771 (netifd)]: fd:10, level:65535, optname:4097
[   38.500703] firmadyne: sys_setsockopt[PID: 1771 (netifd)]: fd:10, level:65535, optname:4098
[   38.501368] firmadyne: sys_socket[PID: 1771 (netifd)]: family:16, type:3, protocol:0
[   38.501651] firmadyne: sys_setsockopt[PID: 1771 (netifd)]: fd:11, level:65535, optname:4097
[   38.501947] firmadyne: sys_setsockopt[PID: 1771 (netifd)]: fd:11, level:65535, optname:4098
[   38.502388] firmadyne: sys_setsockopt[PID: 1771 (netifd)]: fd:11, level:65535, optname:4097
[   38.502674] firmadyne: sys_setsockopt[PID: 1771 (netifd)]: fd:11, level:65535, optname:4098
[   38.503000] firmadyne: sys_socket[PID: 1771 (netifd)]: family:16, type:3, protocol:15
[   38.503264] firmadyne: sys_setsockopt[PID: 1771 (netifd)]: fd:12, level:65535, optname:4097
[   38.507619] firmadyne: sys_setsockopt[PID: 1771 (netifd)]: fd:12, level:65535, optname:4098
[   38.508111] firmadyne: sys_setsockopt[PID: 1771 (netifd)]: fd:11, level:270, optname:1
[   38.608574] IPv6: ADDRCONF(NETDEV_UP): eth0: link is not ready
[   38.608860] 8021q: adding VLAN 0 to HW filter on device eth0
[   38.610691] e1000: eth0 NIC Link is Up 1000 Mbps Full Duplex, Flow Control: RX
[   38.631667] IPv6: ADDRCONF(NETDEV_CHANGE): eth0: link becomes ready
[   38.648072] firmadyne: register_vlan_dev[PID: 1771 (netifd)]: dev:eth0.1 vlan_id:1
[   38.675714] firmadyne: br_add_if[PID: 1771 (netifd)]: br:br-lan dev:eth0.1
[   38.677893] device eth0.1 entered promiscuous mode
[   38.678078] device eth0 entered promiscuous mode
[   38.700945] br-lan: port 1(eth0.1) entered forwarding state
[   38.701269] br-lan: port 1(eth0.1) entered forwarding state
[   38.705721] firmadyne: __inet_insert_ifa[PID: 1771 (netifd)]: device:br-lan ifa:0x020aa8c0
[   38.750173] firmadyne: sys_socket[PID: 1945 (softapd)]: family:1, type:524289, protocol:0
[   38.780525] firmadyne: __inet_insert_ifa[PID: 1771 (netifd)]: device:lo ifa:0x0100007f
[   38.841717] firmadyne: sys_socket[PID: 1888 (odhcpd)]: family:1, type:524289, protocol:0
[   38.845290] firmadyne: sys_socket[PID: 1888 (odhcpd)]: family:1, type:524289, protocol:0
[   38.846059] firmadyne: sys_socket[PID: 1888 (odhcpd)]: family:10, type:524291, protocol:58
[   38.846454] firmadyne: sys_setsockopt[PID: 1888 (odhcpd)]: fd:14, level:65535, optname:25
[   38.846858] firmadyne: sys_setsockopt[PID: 1888 (odhcpd)]: fd:14, level:255, optname:7
[   38.847183] firmadyne: sys_setsockopt[PID: 1888 (odhcpd)]: fd:14, level:41, optname:18
[   38.871760] firmadyne: sys_setsockopt[PID: 1888 (odhcpd)]: fd:14, level:41, optname:16
[   38.872099] firmadyne: sys_setsockopt[PID: 1888 (odhcpd)]: fd:14, level:41, optname:49
[   38.872384] firmadyne: sys_setsockopt[PID: 1888 (odhcpd)]: fd:14, level:41, optname:51
[   38.872659] firmadyne: sys_setsockopt[PID: 1888 (odhcpd)]: fd:14, level:41, optname:19
[   38.872974] firmadyne: sys_setsockopt[PID: 1888 (odhcpd)]: fd:14, level:58, optname:1
[   38.873645] firmadyne: sys_setsockopt[PID: 1888 (odhcpd)]: fd:14, level:41, optname:20
[   38.874456] firmadyne: sys_socket[PID: 1888 (odhcpd)]: family:10, type:524289, protocol:17
[   38.874793] firmadyne: sys_setsockopt[PID: 1888 (odhcpd)]: fd:15, level:65535, optname:25
[   38.875079] firmadyne: sys_setsockopt[PID: 1888 (odhcpd)]: fd:15, level:41, optname:26
[   38.895488] firmadyne: sys_setsockopt[PID: 1888 (odhcpd)]: fd:15, level:65535, optname:4
[   38.895834] firmadyne: sys_setsockopt[PID: 1888 (odhcpd)]: fd:15, level:41, optname:49
[   38.896140] firmadyne: sys_setsockopt[PID: 1888 (odhcpd)]: fd:15, level:41, optname:18
[   38.896407] firmadyne: sys_setsockopt[PID: 1888 (odhcpd)]: fd:15, level:41, optname:19
[   38.896957] firmadyne: sys_setsockopt[PID: 1888 (odhcpd)]: fd:15, level:41, optname:20
[   38.897283] firmadyne: sys_setsockopt[PID: 1888 (odhcpd)]: fd:15, level:41, optname:20
[   38.905571] firmadyne: sys_setsockopt[PID: 1888 (odhcpd)]: fd:14, level:41, optname:21
[   38.906002] firmadyne: sys_setsockopt[PID: 1888 (odhcpd)]: fd:14, level:41, optname:21
[   38.906609] firmadyne: sys_setsockopt[PID: 1888 (odhcpd)]: fd:14, level:41, optname:20
[   38.907208] firmadyne: sys_socket[PID: 1888 (odhcpd)]: family:10, type:524289, protocol:17
[   38.915485] firmadyne: sys_setsockopt[PID: 1888 (odhcpd)]: fd:15, level:65535, optname:25
[   38.915795] firmadyne: sys_setsockopt[PID: 1888 (odhcpd)]: fd:15, level:41, optname:26
[   38.916046] firmadyne: sys_setsockopt[PID: 1888 (odhcpd)]: fd:15, level:65535, optname:4
[   38.916295] firmadyne: sys_setsockopt[PID: 1888 (odhcpd)]: fd:15, level:41, optname:49
[   38.916537] firmadyne: sys_setsockopt[PID: 1888 (odhcpd)]: fd:15, level:41, optname:18
[   38.916798] firmadyne: sys_setsockopt[PID: 1888 (odhcpd)]: fd:15, level:41, optname:19
[   38.917058] firmadyne: sys_setsockopt[PID: 1888 (odhcpd)]: fd:15, level:41, optname:20
[   38.917393] firmadyne: sys_setsockopt[PID: 1888 (odhcpd)]: fd:15, level:41, optname:20
[   39.057625] firmadyne: sys_socket[PID: 1961 (hyfibrd)]: family:1, type:524289, protocol:0
[   39.077263] firmadyne: sys_socket[PID: 1961 (hyfibrd)]: family:16, type:3, protocol:26
[   39.159894] firmadyne: sys_socket[PID: 1967 (ubus)]: family:1, type:2, protocol:0
[   39.232020] firmadyne: sys_socket[PID: 1972 (crond)]: family:1, type:524289, protocol:0
[   39.237347] firmadyne: sys_socket[PID: 1971 (ubus)]: family:1, type:2, protocol:0
[   39.355150] firmadyne: sys_socket[PID: 1977 (ubus)]: family:1, type:2, protocol:0
[   39.462367] firmadyne: sys_socket[PID: 1982 (hyctl)]: family:16, type:3, protocol:25
[   39.555544] firmadyne: sys_socket[PID: 1987 (ubus)]: family:1, type:2, protocol:0
[   39.914688] firmadyne: sys_socket[PID: 1888 (odhcpd)]: family:10, type:3, protocol:58
[   39.955147] firmadyne: sys_socket[PID: 2009 (ubus)]: family:1, type:2, protocol:0
[   40.304713] firmadyne: sys_socket[PID: 2028 (ubus)]: family:1, type:2, protocol:0
[   40.345976] firmadyne: sys_socket[PID: 2029 (ubus)]: family:1, type:2, protocol:0
[   40.493241] firmadyne: sys_socket[PID: 2035 (brctl)]: family:2, type:2, protocol:0
[   40.494683] firmadyne: sys_socket[PID: 2035 (brctl)]: family:1, type:524289, protocol:0
[   40.504048] firmadyne: sys_socket[PID: 2035 (brctl)]: family:1, type:524289, protocol:0
[   40.616179] firmadyne: sys_socket[PID: 2040 (swconfig)]: family:16, type:3, protocol:16
[   40.616635] firmadyne: sys_setsockopt[PID: 2040 (swconfig)]: fd:3, level:65535, optname:4097
[   40.616964] firmadyne: sys_setsockopt[PID: 2040 (swconfig)]: fd:3, level:65535, optname:4098
[   40.703626] br-lan: port 1(eth0.1) entered forwarding state
[   41.073927] firmadyne: sys_socket[PID: 2059 (openssl)]: family:1, type:2, protocol:0
[   41.622242] firmadyne: sys_socket[PID: 2084 (ubus)]: family:1, type:2, protocol:0
[   41.725818] firmadyne: sys_socket[PID: 2087 (hyfibrd)]: family:1, type:524289, protocol:0
[   41.758855] firmadyne: sys_socket[PID: 2087 (hyfibrd)]: family:16, type:3, protocol:26
[   42.170311] firmadyne: sys_socket[PID: 2104 (fw3)]: family:1, type:2, protocol:0
[   42.336046] firmadyne: sys_socket[PID: 2109 (logger)]: family:1, type:524289, protocol:0
[   42.445463] firmadyne: sys_socket[PID: 2112 (fw3)]: family:1, type:2, protocol:0
[   42.472900] firmadyne: sys_socket[PID: 2114 (ubus)]: family:1, type:2, protocol:0
[   42.510605] firmadyne: sys_socket[PID: 2112 (fw3)]: family:2, type:3, protocol:255
[   42.552897] firmadyne: sys_setsockopt[PID: 2112 (fw3)]: fd:7, level:0, optname:64
[   42.553498] firmadyne: sys_setsockopt[PID: 2112 (fw3)]: fd:7, level:0, optname:65
[   42.554388] firmadyne: sys_socket[PID: 2112 (fw3)]: family:2, type:3, protocol:255
[   42.555048] firmadyne: sys_socket[PID: 2112 (fw3)]: family:2, type:3, protocol:255
[   42.567885] firmadyne: sys_socket[PID: 2112 (fw3)]: family:2, type:3, protocol:255
[   42.603211] firmadyne: sys_socket[PID: 2112 (fw3)]: family:10, type:524289, protocol:17
[   42.623797] firmadyne: sys_socket[PID: 2112 (fw3)]: family:10, type:524289, protocol:17
[   42.626866] firmadyne: sys_socket[PID: 2112 (fw3)]: family:10, type:524289, protocol:17
[   42.627219] firmadyne: sys_socket[PID: 2112 (fw3)]: family:10, type:524289, protocol:17
[   42.635765] firmadyne: sys_socket[PID: 2112 (fw3)]: family:10, type:524289, protocol:17
[   42.636093] firmadyne: sys_socket[PID: 2112 (fw3)]: family:10, type:524289, protocol:17
[   42.636537] firmadyne: sys_socket[PID: 2112 (fw3)]: family:10, type:524289, protocol:17
[   42.636866] firmadyne: sys_socket[PID: 2112 (fw3)]: family:10, type:524289, protocol:17
[   42.637514] firmadyne: sys_socket[PID: 2112 (fw3)]: family:10, type:524289, protocol:17
[   42.637845] firmadyne: sys_socket[PID: 2112 (fw3)]: family:10, type:524289, protocol:17
[   42.638645] firmadyne: sys_socket[PID: 2112 (fw3)]: family:10, type:524289, protocol:17
[   42.639011] firmadyne: sys_socket[PID: 2112 (fw3)]: family:10, type:524289, protocol:17
[   42.651595] firmadyne: sys_socket[PID: 2112 (fw3)]: family:10, type:524289, protocol:17
[   42.651969] firmadyne: sys_socket[PID: 2112 (fw3)]: family:10, type:524289, protocol:17
[   42.652597] firmadyne: sys_socket[PID: 2112 (fw3)]: family:10, type:524289, protocol:17
[   42.652988] firmadyne: sys_socket[PID: 2112 (fw3)]: family:10, type:524289, protocol:17
[   42.653919] firmadyne: sys_socket[PID: 2112 (fw3)]: family:10, type:524289, protocol:17
[   42.654368] firmadyne: sys_socket[PID: 2112 (fw3)]: family:10, type:524289, protocol:17
[   42.654799] firmadyne: sys_socket[PID: 2112 (fw3)]: family:10, type:524289, protocol:17
[   42.655169] firmadyne: sys_socket[PID: 2112 (fw3)]: family:10, type:524289, protocol:17
[   42.687915] firmadyne: sys_setsockopt[PID: 2112 (fw3)]: fd:13, level:0, optname:64
[   42.696490] firmadyne: sys_socket[PID: 2112 (fw3)]: family:2, type:3, protocol:255
[   42.697224] firmadyne: sys_socket[PID: 2112 (fw3)]: family:2, type:3, protocol:255
[   42.697958] firmadyne: sys_socket[PID: 2112 (fw3)]: family:10, type:3, protocol:255
[   42.709342] firmadyne: sys_setsockopt[PID: 2112 (fw3)]: fd:16, level:41, optname:64
[   42.709854] firmadyne: sys_setsockopt[PID: 2112 (fw3)]: fd:16, level:41, optname:65
[   42.710468] firmadyne: sys_socket[PID: 2112 (fw3)]: family:10, type:3, protocol:255
[   42.711111] firmadyne: sys_socket[PID: 2112 (fw3)]: family:10, type:3, protocol:255
[   42.727839] firmadyne: sys_socket[PID: 2112 (fw3)]: family:10, type:3, protocol:255
[   42.731159] firmadyne: sys_socket[PID: 2112 (fw3)]: family:10, type:524289, protocol:17
[   42.739547] firmadyne: sys_socket[PID: 2112 (fw3)]: family:10, type:524289, protocol:17
[   42.742499] firmadyne: sys_socket[PID: 2112 (fw3)]: family:10, type:524289, protocol:17
[   42.742839] firmadyne: sys_socket[PID: 2112 (fw3)]: family:10, type:524289, protocol:17
[   42.743249] firmadyne: sys_socket[PID: 2112 (fw3)]: family:10, type:524289, protocol:17
[   42.759552] firmadyne: sys_socket[PID: 2112 (fw3)]: family:10, type:524289, protocol:17
[   42.760158] firmadyne: sys_socket[PID: 2112 (fw3)]: family:10, type:524289, protocol:17
[   42.760464] firmadyne: sys_socket[PID: 2112 (fw3)]: family:10, type:524289, protocol:17
[   42.760886] firmadyne: sys_socket[PID: 2112 (fw3)]: family:10, type:524289, protocol:17
[   42.761192] firmadyne: sys_socket[PID: 2112 (fw3)]: family:10, type:524289, protocol:17
[   42.761675] firmadyne: sys_socket[PID: 2112 (fw3)]: family:10, type:524289, protocol:17
[   42.761999] firmadyne: sys_socket[PID: 2112 (fw3)]: family:10, type:524289, protocol:17
[   42.762692] firmadyne: sys_socket[PID: 2112 (fw3)]: family:10, type:524289, protocol:17
[   42.763057] firmadyne: sys_socket[PID: 2112 (fw3)]: family:10, type:524289, protocol:17
[   42.779527] firmadyne: sys_socket[PID: 2112 (fw3)]: family:10, type:524289, protocol:17
[   42.779902] firmadyne: sys_socket[PID: 2112 (fw3)]: family:10, type:524289, protocol:17
[   42.782487] firmadyne: sys_setsockopt[PID: 2112 (fw3)]: fd:19, level:41, optname:64
[   42.800200] firmadyne: sys_socket[PID: 2112 (fw3)]: family:10, type:3, protocol:255
[   42.800857] firmadyne: sys_socket[PID: 2112 (fw3)]: family:10, type:3, protocol:255
[   42.801372] firmadyne: sys_socket[PID: 2112 (fw3)]: family:16, type:524291, protocol:0
[   43.086913] firmadyne: sys_socket[PID: 2135 (ipset)]: family:16, type:3, protocol:12
[   43.165585] firmadyne: sys_socket[PID: 2139 (ipset)]: family:16, type:3, protocol:12
[   43.250580] firmadyne: sys_socket[PID: 2142 (gcom)]: family:1, type:524289, protocol:0
[   43.281248] firmadyne: sys_socket[PID: 2145 (ipset)]: family:16, type:3, protocol:12
[   43.325221] firmadyne: sys_socket[PID: 2150 (ipset)]: family:16, type:3, protocol:12
[   43.401283] firmadyne: sys_socket[PID: 2155 (ipset)]: family:16, type:3, protocol:12
[   43.473951] firmadyne: sys_socket[PID: 2159 (ipset)]: family:16, type:3, protocol:12
[   43.512621] firmadyne: sys_socket[PID: 2163 (ipset)]: family:16, type:3, protocol:12
[   43.583887] firmadyne: sys_socket[PID: 2167 (ipset)]: family:16, type:3, protocol:12
[   43.743684] firmadyne: sys_socket[PID: 2176 (iptables)]: family:1, type:2, protocol:0
[   43.744198] firmadyne: sys_socket[PID: 2176 (iptables)]: family:2, type:3, protocol:255
[   43.747196] firmadyne: sys_setsockopt[PID: 2176 (iptables)]: fd:4, level:0, optname:64
[   43.759687] firmadyne: sys_setsockopt[PID: 2176 (iptables)]: fd:4, level:0, optname:65
[   43.813894] firmadyne: sys_socket[PID: 2179 (ubus)]: family:1, type:2, protocol:0
[   43.842928] firmadyne: sys_socket[PID: 2178 (iptables)]: family:1, type:2, protocol:0
[   43.859481] firmadyne: sys_socket[PID: 2178 (iptables)]: family:2, type:3, protocol:255
[   43.957018] firmadyne: sys_socket[PID: 2180 (softapd)]: family:1, type:524289, protocol:0
[   44.006363] firmadyne: sys_socket[PID: 2184 (ip6tables)]: family:1, type:2, protocol:0
[   44.006868] firmadyne: sys_socket[PID: 2184 (ip6tables)]: family:10, type:3, protocol:255
[   44.030476] firmadyne: sys_setsockopt[PID: 2184 (ip6tables)]: fd:4, level:41, optname:64
[   44.031070] firmadyne: sys_setsockopt[PID: 2184 (ip6tables)]: fd:4, level:41, optname:65
[   44.056897] firmadyne: sys_socket[PID: 2182 (dnsmasq)]: family:2, type:1, protocol:17
[   44.057472] firmadyne: sys_setsockopt[PID: 2182 (dnsmasq)]: fd:4, level:0, optname:10
[   44.057884] firmadyne: sys_setsockopt[PID: 2182 (dnsmasq)]: fd:4, level:0, optname:1
[   44.058204] firmadyne: sys_setsockopt[PID: 2182 (dnsmasq)]: fd:4, level:0, optname:8
[   44.058476] firmadyne: sys_setsockopt[PID: 2182 (dnsmasq)]: fd:4, level:65535, optname:32
[   44.058941] firmadyne: inet_bind[PID: 2182 (dnsmasq)]: proto:SOCK_DGRAM, port:67
[   44.071656] firmadyne: sys_socket[PID: 2182 (dnsmasq)]: family:16, type:3, protocol:0
[   44.072181] firmadyne: sys_socket[PID: 2182 (dnsmasq)]: family:2, type:1, protocol:0
[   44.074560] firmadyne: sys_socket[PID: 2182 (dnsmasq)]: family:2, type:1, protocol:0
[   44.074877] firmadyne: sys_setsockopt[PID: 2182 (dnsmasq)]: fd:6, level:65535, optname:4
[   44.075188] firmadyne: inet_bind[PID: 2182 (dnsmasq)]: proto:SOCK_DGRAM, port:53
[   44.095558] firmadyne: sys_setsockopt[PID: 2182 (dnsmasq)]: fd:6, level:0, optname:8
[   44.095899] firmadyne: sys_socket[PID: 2182 (dnsmasq)]: family:2, type:2, protocol:0
[   44.096181] firmadyne: sys_setsockopt[PID: 2182 (dnsmasq)]: fd:7, level:65535, optname:4
[   44.096461] firmadyne: inet_bind[PID: 2182 (dnsmasq)]: proto:SOCK_STREAM, port:53
[   44.097611] firmadyne: sys_socket[PID: 2182 (dnsmasq)]: family:10, type:1, protocol:0
[   44.097910] firmadyne: sys_setsockopt[PID: 2182 (dnsmasq)]: fd:8, level:65535, optname:4
[   44.098181] firmadyne: sys_setsockopt[PID: 2182 (dnsmasq)]: fd:8, level:41, optname:26
[   44.098524] firmadyne: sys_setsockopt[PID: 2182 (dnsmasq)]: fd:8, level:41, optname:49
[   44.098818] firmadyne: sys_socket[PID: 2182 (dnsmasq)]: family:10, type:2, protocol:0
[   44.099158] firmadyne: sys_setsockopt[PID: 2182 (dnsmasq)]: fd:9, level:65535, optname:4
[   44.119516] firmadyne: sys_setsockopt[PID: 2182 (dnsmasq)]: fd:9, level:41, optname:26
[   44.147584] firmadyne: sys_socket[PID: 2182 (dnsmasq)]: family:1, type:1, protocol:0
[   44.156550] firmadyne: sys_socket[PID: 2186 (ip6tables)]: family:1, type:2, protocol:0
[   44.157011] firmadyne: sys_socket[PID: 2186 (ip6tables)]: family:10, type:3, protocol:255
[   44.245378] firmadyne: sys_socket[PID: 2189 (iptables)]: family:1, type:2, protocol:0
[   44.245884] firmadyne: sys_socket[PID: 2189 (iptables)]: family:2, type:3, protocol:255
[   44.257135] firmadyne: sys_setsockopt[PID: 2189 (iptables)]: fd:4, level:0, optname:64
[   44.257627] firmadyne: sys_setsockopt[PID: 2189 (iptables)]: fd:4, level:0, optname:65
[   44.313403] firmadyne: sys_socket[PID: 2191 (iptables)]: family:1, type:2, protocol:0
[   44.313904] firmadyne: sys_socket[PID: 2191 (iptables)]: family:2, type:3, protocol:255
[   44.324521] firmadyne: sys_setsockopt[PID: 2191 (iptables)]: fd:4, level:0, optname:64
[   44.325021] firmadyne: sys_setsockopt[PID: 2191 (iptables)]: fd:4, level:0, optname:65
[   44.384929] firmadyne: sys_socket[PID: 2193 (ip6tables)]: family:1, type:2, protocol:0
[   44.385392] firmadyne: sys_socket[PID: 2193 (ip6tables)]: family:10, type:3, protocol:255
[   44.392576] firmadyne: sys_setsockopt[PID: 2193 (ip6tables)]: fd:4, level:41, optname:64
[   44.393104] firmadyne: sys_setsockopt[PID: 2193 (ip6tables)]: fd:4, level:41, optname:65
[   44.453213] firmadyne: sys_socket[PID: 2195 (ip6tables)]: family:1, type:2, protocol:0
[   44.453692] firmadyne: sys_socket[PID: 2195 (ip6tables)]: family:10, type:3, protocol:255
[   44.464405] firmadyne: sys_setsockopt[PID: 2195 (ip6tables)]: fd:4, level:41, optname:64
[   44.464952] firmadyne: sys_setsockopt[PID: 2195 (ip6tables)]: fd:4, level:41, optname:65
[   44.684315] firmadyne: sys_socket[PID: 2201 (iptables)]: family:1, type:2, protocol:0
[   44.684826] firmadyne: sys_socket[PID: 2201 (iptables)]: family:2, type:3, protocol:255
[   44.687461] firmadyne: sys_setsockopt[PID: 2201 (iptables)]: fd:4, level:0, optname:64
[   44.695687] firmadyne: sys_setsockopt[PID: 2201 (iptables)]: fd:4, level:0, optname:65
[   44.740281] firmadyne: sys_socket[PID: 2203 (iptables)]: family:10, type:524289, protocol:17
[   44.741012] firmadyne: sys_socket[PID: 2203 (iptables)]: family:10, type:524289, protocol:17
[   44.756038] firmadyne: sys_socket[PID: 2203 (iptables)]: family:1, type:2, protocol:0
[   44.756506] firmadyne: sys_socket[PID: 2203 (iptables)]: family:2, type:3, protocol:255
[   44.759114] firmadyne: sys_setsockopt[PID: 2203 (iptables)]: fd:4, level:0, optname:64
[   44.763798] firmadyne: sys_setsockopt[PID: 2203 (iptables)]: fd:4, level:0, optname:65
[   44.834620] firmadyne: sys_socket[PID: 2205 (iptables)]: family:1, type:2, protocol:0
[   44.835168] firmadyne: sys_socket[PID: 2205 (iptables)]: family:2, type:3, protocol:255
[   44.845979] firmadyne: sys_setsockopt[PID: 2205 (iptables)]: fd:4, level:0, optname:64
[   44.846565] firmadyne: sys_setsockopt[PID: 2205 (iptables)]: fd:4, level:0, optname:65
[   44.917838] firmadyne: sys_socket[PID: 2211 (ip6tables)]: family:1, type:2, protocol:0
[   44.918306] firmadyne: sys_socket[PID: 2211 (ip6tables)]: family:10, type:3, protocol:255
[   44.926328] firmadyne: sys_setsockopt[PID: 2211 (ip6tables)]: fd:4, level:41, optname:64
[   44.926859] firmadyne: sys_setsockopt[PID: 2211 (ip6tables)]: fd:4, level:41, optname:65
[   44.982376] firmadyne: sys_socket[PID: 2212 (bdinfo)]: family:1, type:524289, protocol:0
[   44.991008] firmadyne: sys_socket[PID: 2214 (ip6tables)]: family:10, type:524289, protocol:17
[   45.000566] firmadyne: sys_socket[PID: 2214 (ip6tables)]: family:10, type:524289, protocol:17
[   45.015912] firmadyne: sys_socket[PID: 2214 (ip6tables)]: family:1, type:2, protocol:0
[   45.016327] firmadyne: sys_socket[PID: 2214 (ip6tables)]: family:10, type:3, protocol:255
[   45.019065] firmadyne: sys_setsockopt[PID: 2214 (ip6tables)]: fd:4, level:41, optname:64
[   45.027815] firmadyne: sys_setsockopt[PID: 2214 (ip6tables)]: fd:4, level:41, optname:65
[   45.105537] firmadyne: sys_socket[PID: 2218 (ip6tables)]: family:1, type:2, protocol:0
[   45.106027] firmadyne: sys_socket[PID: 2218 (ip6tables)]: family:10, type:3, protocol:255
[   45.116983] firmadyne: sys_setsockopt[PID: 2218 (ip6tables)]: fd:4, level:41, optname:64
[   45.117587] firmadyne: sys_setsockopt[PID: 2218 (ip6tables)]: fd:4, level:41, optname:65
[   45.258269] firmadyne: sys_socket[PID: 2226 (iptables)]: family:1, type:2, protocol:0
[   45.258807] firmadyne: sys_socket[PID: 2226 (iptables)]: family:2, type:3, protocol:255
[   45.268422] firmadyne: sys_setsockopt[PID: 2226 (iptables)]: fd:4, level:0, optname:64
[   45.269046] firmadyne: sys_setsockopt[PID: 2226 (iptables)]: fd:4, level:0, optname:65
[   45.319778] firmadyne: sys_socket[PID: 2230 (ip6tables)]: family:1, type:2, protocol:0
[   45.320224] firmadyne: sys_socket[PID: 2230 (ip6tables)]: family:10, type:3, protocol:255
[   45.322973] firmadyne: sys_setsockopt[PID: 2230 (ip6tables)]: fd:4, level:41, optname:64
[   45.331678] firmadyne: sys_setsockopt[PID: 2230 (ip6tables)]: fd:4, level:41, optname:65
[   45.460055] firmadyne: sys_socket[PID: 2236 (iptables)]: family:1, type:2, protocol:0
[   45.460576] firmadyne: sys_socket[PID: 2236 (iptables)]: family:2, type:3, protocol:255
[   45.463335] firmadyne: sys_setsockopt[PID: 2236 (iptables)]: fd:4, level:0, optname:64
[   45.479754] firmadyne: sys_setsockopt[PID: 2236 (iptables)]: fd:4, level:0, optname:65
[   45.520318] firmadyne: sys_socket[PID: 2240 (iptables)]: family:1, type:2, protocol:0
[   45.520806] firmadyne: sys_socket[PID: 2240 (iptables)]: family:2, type:3, protocol:255
[   45.527956] firmadyne: sys_setsockopt[PID: 2240 (iptables)]: fd:4, level:0, optname:64
[   45.528520] firmadyne: sys_setsockopt[PID: 2240 (iptables)]: fd:4, level:0, optname:65
[   45.546459] firmadyne: sys_socket[PID: 2241 (ubus)]: family:1, type:2, protocol:0
[   45.600746] firmadyne: sys_socket[PID: 2243 (iptables)]: family:1, type:2, protocol:0
[   45.601248] firmadyne: sys_socket[PID: 2243 (iptables)]: family:2, type:3, protocol:255
[   45.624360] firmadyne: sys_setsockopt[PID: 2243 (iptables)]: fd:4, level:0, optname:64
[   45.624913] firmadyne: sys_setsockopt[PID: 2243 (iptables)]: fd:4, level:0, optname:65
[   45.700062] firmadyne: sys_socket[PID: 2245 (uhttpd)]: family:2, type:2, protocol:6
[   45.700486] firmadyne: sys_setsockopt[PID: 2245 (uhttpd)]: fd:3, level:65535, optname:4
[   45.700836] firmadyne: inet_bind[PID: 2245 (uhttpd)]: proto:SOCK_STREAM, port:80
[   45.701885] firmadyne: sys_socket[PID: 2245 (uhttpd)]: family:10, type:2, protocol:6
[   45.702163] firmadyne: sys_setsockopt[PID: 2245 (uhttpd)]: fd:4, level:65535, optname:4
[   45.702432] firmadyne: sys_setsockopt[PID: 2245 (uhttpd)]: fd:4, level:41, optname:26
[   45.702787] firmadyne: sys_socket[PID: 2245 (uhttpd)]: family:2, type:2, protocol:6
[   45.703050] firmadyne: sys_setsockopt[PID: 2245 (uhttpd)]: fd:5, level:65535, optname:4
[   45.703305] firmadyne: inet_bind[PID: 2245 (uhttpd)]: proto:SOCK_STREAM, port:443
[   45.719621] firmadyne: sys_socket[PID: 2245 (uhttpd)]: family:10, type:2, protocol:6
[   45.719992] firmadyne: sys_setsockopt[PID: 2245 (uhttpd)]: fd:6, level:65535, optname:4
[   45.720259] firmadyne: sys_setsockopt[PID: 2245 (uhttpd)]: fd:6, level:41, optname:26
[   45.737494] firmadyne: sys_socket[PID: 2248 (iptables)]: family:1, type:2, protocol:0
[   45.738006] firmadyne: sys_socket[PID: 2248 (iptables)]: family:2, type:3, protocol:255
[   45.938870] firmadyne: sys_socket[PID: 2245 (uhttpd)]: family:1, type:2, protocol:0
[   45.952377] firmadyne: sys_setsockopt[PID: 2245 (uhttpd)]: fd:3, level:6, optname:4
[   45.952778] firmadyne: sys_setsockopt[PID: 2245 (uhttpd)]: fd:3, level:6, optname:5
[   45.953049] firmadyne: sys_setsockopt[PID: 2245 (uhttpd)]: fd:3, level:6, optname:6
[   45.953308] firmadyne: sys_setsockopt[PID: 2245 (uhttpd)]: fd:3, level:6, optname:23
[   45.963473] firmadyne: sys_setsockopt[PID: 2245 (uhttpd)]: fd:3, level:65535, optname:8
[   45.963904] firmadyne: sys_setsockopt[PID: 2245 (uhttpd)]: fd:4, level:6, optname:4
[   45.964161] firmadyne: sys_setsockopt[PID: 2245 (uhttpd)]: fd:4, level:6, optname:5
[   45.964399] firmadyne: sys_setsockopt[PID: 2245 (uhttpd)]: fd:4, level:6, optname:6
[   45.964640] firmadyne: sys_setsockopt[PID: 2245 (uhttpd)]: fd:4, level:6, optname:23
[   45.964917] firmadyne: sys_setsockopt[PID: 2245 (uhttpd)]: fd:4, level:65535, optname:8
[   45.965176] firmadyne: sys_setsockopt[PID: 2245 (uhttpd)]: fd:5, level:6, optname:4
[   45.965416] firmadyne: sys_setsockopt[PID: 2245 (uhttpd)]: fd:5, level:6, optname:5
[   45.965653] firmadyne: sys_setsockopt[PID: 2245 (uhttpd)]: fd:5, level:6, optname:6
[   45.965910] firmadyne: sys_setsockopt[PID: 2245 (uhttpd)]: fd:5, level:6, optname:23
[   45.966152] firmadyne: sys_setsockopt[PID: 2245 (uhttpd)]: fd:5, level:65535, optname:8
[   45.966406] firmadyne: sys_setsockopt[PID: 2245 (uhttpd)]: fd:6, level:6, optname:4
[   45.966646] firmadyne: sys_setsockopt[PID: 2245 (uhttpd)]: fd:6, level:6, optname:5
[   45.966906] firmadyne: sys_setsockopt[PID: 2245 (uhttpd)]: fd:6, level:6, optname:6
[   45.967151] firmadyne: sys_setsockopt[PID: 2245 (uhttpd)]: fd:6, level:6, optname:23
[   45.983467] firmadyne: sys_setsockopt[PID: 2245 (uhttpd)]: fd:6, level:65535, optname:8
[   46.215764] firmadyne: sys_socket[PID: 2265 (ubus)]: family:1, type:2, protocol:0
[   46.623159] firmadyne: sys_socket[PID: 2283 (iptables)]: family:1, type:2, protocol:0
[   46.631143] firmadyne: sys_socket[PID: 2283 (iptables)]: family:2, type:3, protocol:255
[   46.707143] firmadyne: sys_socket[PID: 2287 (iptables)]: family:1, type:2, protocol:0
[   46.715652] firmadyne: sys_socket[PID: 2287 (iptables)]: family:2, type:3, protocol:255
[   46.718416] firmadyne: sys_setsockopt[PID: 2287 (iptables)]: fd:4, level:0, optname:64
[   46.743619] firmadyne: sys_socket[PID: 2288 (ubus)]: family:1, type:2, protocol:0
[   46.831034] firmadyne: sys_socket[PID: 2292 (iptables)]: family:1, type:2, protocol:0
[   46.847633] firmadyne: sys_socket[PID: 2292 (iptables)]: family:2, type:3, protocol:255
[   46.853496] firmadyne: sys_socket[PID: 2294 (hyfibrd)]: family:1, type:524289, protocol:0
[   46.876345] firmadyne: sys_socket[PID: 2294 (hyfibrd)]: family:16, type:3, protocol:26
[   46.968484] firmadyne: sys_socket[PID: 2297 (iptables)]: family:1, type:2, protocol:0
[   46.969057] firmadyne: sys_socket[PID: 2297 (iptables)]: family:2, type:3, protocol:255
[   47.065523] firmadyne: sys_socket[PID: 2304 (iptables)]: family:1, type:2, protocol:0
[   47.066099] firmadyne: sys_socket[PID: 2304 (iptables)]: family:2, type:3, protocol:255
[   47.266896] firmadyne: sys_socket[PID: 2314 (ubus)]: family:1, type:2, protocol:0
[   47.614932] firmadyne: sys_socket[PID: 2330 (iptables)]: family:1, type:2, protocol:0
[   47.619589] firmadyne: sys_socket[PID: 2330 (iptables)]: family:2, type:3, protocol:255
[   47.635704] firmadyne: sys_socket[PID: 2331 (crypt)]: family:1, type:524289, protocol:0
[   47.665713] firmadyne: sys_socket[PID: 2333 (iptables)]: family:1, type:2, protocol:0
[   47.666267] firmadyne: sys_socket[PID: 2333 (iptables)]: family:2, type:3, protocol:255
[   47.705192] firmadyne: sys_socket[PID: 2334 (crypt)]: family:1, type:524289, protocol:0
[   47.739878] firmadyne: sys_socket[PID: 2336 (iptables)]: family:1, type:2, protocol:0
[   47.740410] firmadyne: sys_socket[PID: 2336 (iptables)]: family:2, type:3, protocol:255
[   47.783921] firmadyne: sys_socket[PID: 2337 (crypt)]: family:1, type:524289, protocol:0
[   47.806516] firmadyne: sys_socket[PID: 2339 (iptables)]: family:1, type:2, protocol:0
[   47.807023] firmadyne: sys_socket[PID: 2339 (iptables)]: family:2, type:3, protocol:255
[   47.854316] firmadyne: sys_socket[PID: 2340 (crypt)]: family:1, type:524289, protocol:0
[   47.873703] firmadyne: sys_socket[PID: 2342 (iptables)]: family:1, type:2, protocol:0
[   47.874202] firmadyne: sys_socket[PID: 2342 (iptables)]: family:2, type:3, protocol:255
[   47.939666] firmadyne: sys_socket[PID: 2343 (crypt)]: family:1, type:524289, protocol:0
[   47.949820] firmadyne: sys_socket[PID: 2344 (iptables)]: family:1, type:2, protocol:0
[   47.950303] firmadyne: sys_socket[PID: 2344 (iptables)]: family:2, type:3, protocol:255
[   48.314411] firmadyne: sys_socket[PID: 2362 (ubus)]: family:1, type:2, protocol:0
[   48.376348] firmadyne: sys_socket[PID: 2364 (gcom)]: family:1, type:524289, protocol:0
[   48.562518] firmadyne: sys_socket[PID: 2374 (logger)]: family:1, type:524289, protocol:0
[   48.593644] firmadyne: sys_socket[PID: 2375 (ubus)]: family:1, type:2, protocol:0
[   48.615012] firmadyne: sys_socket[PID: 2376 (iptables)]: family:1, type:2, protocol:0
[   48.623534] firmadyne: sys_socket[PID: 2376 (iptables)]: family:2, type:3, protocol:255
[   48.725395] firmadyne: sys_socket[PID: 2378 (iptables)]: family:1, type:2, protocol:0
[   48.725953] firmadyne: sys_socket[PID: 2378 (iptables)]: family:2, type:3, protocol:255
[   48.741658] firmadyne: sys_socket[PID: 2379 (mosquitto)]: family:2, type:2, protocol:0
[   48.801366] firmadyne: sys_socket[PID: 2383 (iptables)]: family:1, type:2, protocol:0
[   48.801881] firmadyne: sys_socket[PID: 2383 (iptables)]: family:2, type:3, protocol:255
[   48.865394] firmadyne: sys_socket[PID: 2379 (mosquitto)]: family:1, type:524290, protocol:0
[   48.887777] firmadyne: sys_socket[PID: 2387 (ip)]: family:16, type:524291, protocol:0
[   48.888134] firmadyne: sys_setsockopt[PID: 2387 (ip)]: fd:3, level:65535, optname:4097
[   48.888406] firmadyne: sys_setsockopt[PID: 2387 (ip)]: fd:3, level:65535, optname:4098
[   48.912412] firmadyne: sys_socket[PID: 2379 (mosquitto)]: family:1, type:524289, protocol:0
[   48.944998] firmadyne: sys_socket[PID: 2379 (mosquitto)]: family:2, type:2, protocol:6
[   48.945380] firmadyne: sys_setsockopt[PID: 2379 (mosquitto)]: fd:5, level:65535, optname:4
[   48.945672] firmadyne: sys_setsockopt[PID: 2379 (mosquitto)]: fd:5, level:41, optname:26
[   48.946162] firmadyne: inet_bind[PID: 2379 (mosquitto)]: proto:SOCK_STREAM, port:1883
[   48.946737] firmadyne: sys_socket[PID: 2379 (mosquitto)]: family:2, type:2, protocol:6
[   48.947010] firmadyne: sys_setsockopt[PID: 2379 (mosquitto)]: fd:6, level:65535, optname:4
[   48.947268] firmadyne: sys_setsockopt[PID: 2379 (mosquitto)]: fd:6, level:41, optname:26
[   48.963473] firmadyne: inet_bind[PID: 2379 (mosquitto)]: proto:SOCK_STREAM, port:8883
[   48.975625] firmadyne: sys_socket[PID: 2389 (ipset)]: family:16, type:3, protocol:12
[   49.055069] firmadyne: sys_socket[PID: 2394 (ipset)]: family:16, type:3, protocol:12
[   49.057480] firmadyne: sys_socket[PID: 2395 (softapd)]: family:1, type:524289, protocol:0
[   49.118778] firmadyne: sys_socket[PID: 2399 (ipset)]: family:16, type:3, protocol:12
[   49.184796] firmadyne: sys_socket[PID: 2403 (ipset)]: family:16, type:3, protocol:12
[   49.237553] firmadyne: sys_socket[PID: 2408 (ipset)]: family:16, type:3, protocol:12
[   49.299998] firmadyne: sys_socket[PID: 2411 (ipset)]: family:16, type:3, protocol:12
[   49.432322] firmadyne: sys_socket[PID: 2421 (ipset)]: family:16, type:3, protocol:12
[   49.482176] firmadyne: sys_socket[PID: 2427 (ipset)]: family:16, type:3, protocol:12
[   49.653081] firmadyne: sys_socket[PID: 2436 (ubus)]: family:1, type:2, protocol:0
[   49.812733] firmadyne: sys_socket[PID: 2443 (ubus)]: family:1, type:2, protocol:0
[   49.814705] firmadyne: sys_socket[PID: 2441 (umdns)]: family:1, type:2, protocol:0
[   49.856964] firmadyne: sys_socket[PID: 2441 (umdns)]: family:1, type:524289, protocol:0
[   49.906772] firmadyne: sys_socket[PID: 2446 (iptables)]: family:1, type:2, protocol:0
[   49.907288] firmadyne: sys_socket[PID: 2446 (iptables)]: family:2, type:3, protocol:255
[   49.988932] firmadyne: sys_socket[PID: 2451 (iptables)]: family:1, type:2, protocol:0
[   49.989397] firmadyne: sys_socket[PID: 2451 (iptables)]: family:2, type:3, protocol:255
[   50.000175] firmadyne: sys_socket[PID: 2451 (iptables)]: family:2, type:3, protocol:255
[   50.054166] firmadyne: sys_socket[PID: 2457 (ubus)]: family:1, type:2, protocol:0
[   50.070938] firmadyne: sys_socket[PID: 2459 (iptables)]: family:1, type:2, protocol:0
[   50.073770] firmadyne: sys_socket[PID: 2459 (iptables)]: family:2, type:3, protocol:255
[   50.084197] firmadyne: sys_socket[PID: 2459 (iptables)]: family:2, type:3, protocol:255
[   50.118581] firmadyne: sys_socket[PID: 2461 (ubus)]: family:1, type:2, protocol:0
[   50.148781] firmadyne: sys_socket[PID: 2466 (ip6tables)]: family:1, type:2, protocol:0
[   50.149265] firmadyne: sys_socket[PID: 2466 (ip6tables)]: family:10, type:3, protocol:255
[   50.395304] firmadyne: sys_socket[PID: 2478 (ubus)]: family:1, type:2, protocol:0
[   50.398498] firmadyne: sys_socket[PID: 2476 (iptables)]: family:1, type:2, protocol:0
[   50.398985] firmadyne: sys_socket[PID: 2476 (iptables)]: family:2, type:3, protocol:255
[   50.493426] firmadyne: sys_socket[PID: 2480 (iptables)]: family:1, type:2, protocol:0
[   50.493940] firmadyne: sys_socket[PID: 2480 (iptables)]: family:2, type:3, protocol:255
[   50.572897] firmadyne: sys_socket[PID: 2484 (iptables)]: family:1, type:2, protocol:0
[   50.573434] firmadyne: sys_socket[PID: 2484 (iptables)]: family:2, type:3, protocol:255
[   50.588166] firmadyne: sys_socket[PID: 2484 (iptables)]: family:2, type:3, protocol:255
[   50.630247] firmadyne: sys_socket[PID: 2486 (ubus)]: family:1, type:2, protocol:0
[   50.637546] firmadyne: sys_socket[PID: 2493 (iptables)]: family:1, type:2, protocol:0
[   50.638029] firmadyne: sys_socket[PID: 2493 (iptables)]: family:2, type:3, protocol:255
[   50.650879] firmadyne: sys_socket[PID: 2493 (iptables)]: family:2, type:3, protocol:255
[   50.743841] firmadyne: sys_socket[PID: 2501 (iptables)]: family:1, type:2, protocol:0
[   50.744369] firmadyne: sys_socket[PID: 2501 (iptables)]: family:2, type:3, protocol:255
[   50.750418] firmadyne: sys_socket[PID: 2501 (iptables)]: family:2, type:3, protocol:255
[   50.803311] firmadyne: sys_socket[PID: 2510 (ip6tables)]: family:1, type:2, protocol:0
[   50.815653] firmadyne: sys_socket[PID: 2510 (ip6tables)]: family:10, type:3, protocol:255
[   50.874954] firmadyne: sys_socket[PID: 2513 (ubus)]: family:1, type:2, protocol:0
[   50.894737] firmadyne: sys_socket[PID: 2514 (ip6tables)]: family:1, type:2, protocol:0
[   50.895194] firmadyne: sys_socket[PID: 2514 (ip6tables)]: family:10, type:3, protocol:255
[   50.904146] firmadyne: sys_socket[PID: 2441 (umdns)]: family:16, type:524291, protocol:0
[   50.906150] firmadyne: sys_socket[PID: 2441 (umdns)]: family:2, type:1, protocol:0
[   50.906476] firmadyne: sys_setsockopt[PID: 2441 (umdns)]: fd:8, level:65535, optname:4
[   50.906778] firmadyne: sys_setsockopt[PID: 2441 (umdns)]: fd:8, level:65535, optname:512
[   50.907119] firmadyne: inet_bind[PID: 2441 (umdns)]: proto:SOCK_DGRAM, port:0
[   50.914209] firmadyne: sys_socket[PID: 2112 (fw3)]: family:16, type:524291, protocol:0
[   50.919587] firmadyne: sys_setsockopt[PID: 2441 (umdns)]: fd:8, level:0, optname:8
[   50.919907] firmadyne: sys_setsockopt[PID: 2441 (umdns)]: fd:8, level:0, optname:12
[   50.920288] firmadyne: sys_socket[PID: 2441 (umdns)]: family:1, type:524289, protocol:0
[   50.921231] firmadyne: sys_socket[PID: 2441 (umdns)]: family:2, type:1, protocol:0
[   50.921507] firmadyne: sys_setsockopt[PID: 2441 (umdns)]: fd:9, level:65535, optname:4
[   50.921782] firmadyne: sys_setsockopt[PID: 2441 (umdns)]: fd:9, level:65535, optname:512
[   50.922047] firmadyne: sys_setsockopt[PID: 2441 (umdns)]: fd:9, level:0, optname:33
[   50.922352] firmadyne: sys_setsockopt[PID: 2441 (umdns)]: fd:9, level:0, optname:2
[   50.922615] firmadyne: sys_setsockopt[PID: 2441 (umdns)]: fd:9, level:0, optname:34
[   50.922936] firmadyne: inet_bind[PID: 2441 (umdns)]: proto:SOCK_DGRAM, port:5353
[   50.923180] firmadyne: sys_setsockopt[PID: 2441 (umdns)]: fd:9, level:0, optname:8
[   50.939553] firmadyne: sys_setsockopt[PID: 2441 (umdns)]: fd:9, level:0, optname:12
[   50.939888] firmadyne: sys_socket[PID: 2441 (umdns)]: family:1, type:524289, protocol:0
[   50.940671] firmadyne: sys_setsockopt[PID: 2441 (umdns)]: fd:9, level:0, optname:36
[   50.941149] firmadyne: sys_setsockopt[PID: 2441 (umdns)]: fd:9, level:0, optname:35
[   50.968279] firmadyne: sys_socket[PID: 2441 (umdns)]: family:16, type:524291, protocol:0
[   50.969096] firmadyne: sys_socket[PID: 2441 (umdns)]: family:1, type:524289, protocol:0
[   50.969738] firmadyne: sys_socket[PID: 2441 (umdns)]: family:1, type:524289, protocol:0
[   50.970094] firmadyne: sys_setsockopt[PID: 2441 (umdns)]: fd:9, level:0, optname:36
[   50.970952] firmadyne: sys_setsockopt[PID: 2441 (umdns)]: fd:9, level:0, optname:35
[   51.104875] firmadyne: sys_socket[PID: 2521 (ubus)]: family:1, type:2, protocol:0
[   51.388173] firmadyne: sys_socket[PID: 2535 (ubus)]: family:1, type:2, protocol:0
[   51.820448] firmadyne: sys_socket[PID: 2557 (ubus)]: family:1, type:2, protocol:0
[   51.961753] firmadyne: sys_socket[PID: 2564 (hyfibrd)]: family:1, type:524289, protocol:0
[   51.985400] firmadyne: sys_socket[PID: 2564 (hyfibrd)]: family:16, type:3, protocol:26
[   52.060974] firmadyne: sys_socket[PID: 2567 (ubus)]: family:1, type:2, protocol:0
[   52.078367] firmadyne: sys_socket[PID: 2572 (fw3)]: family:1, type:2, protocol:0
[   52.157402] firmadyne: sys_socket[PID: 2576 (ubus)]: family:1, type:2, protocol:0
[   52.367673] firmadyne: sys_socket[PID: 2441 (umdns)]: family:16, type:524291, protocol:0
[   52.447485] firmadyne: sys_socket[PID: 2591 (iptables)]: family:1, type:2, protocol:0
[   52.448002] firmadyne: sys_socket[PID: 2591 (iptables)]: family:2, type:3, protocol:255
[   52.449196] firmadyne: sys_socket[PID: 2591 (iptables)]: family:2, type:3, protocol:255
[   52.503297] firmadyne: sys_socket[PID: 2596 (iptables)]: family:1, type:2, protocol:0
[   52.507996] firmadyne: sys_socket[PID: 2596 (iptables)]: family:2, type:3, protocol:255
[   52.512444] firmadyne: sys_socket[PID: 2596 (iptables)]: family:2, type:3, protocol:255
[   52.527642] firmadyne: sys_socket[PID: 2597 (ubus)]: family:1, type:2, protocol:0
[   52.546862] firmadyne: sys_socket[PID: 2602 (iptables)]: family:1, type:2, protocol:0
[   52.547357] firmadyne: sys_socket[PID: 2602 (iptables)]: family:2, type:3, protocol:255
[   52.567779] firmadyne: sys_setsockopt[PID: 2602 (iptables)]: fd:4, level:0, optname:64
[   52.568362] firmadyne: sys_setsockopt[PID: 2602 (iptables)]: fd:4, level:0, optname:65
[   52.602535] firmadyne: sys_socket[PID: 2603 (pingcheck)]: family:1, type:524289, protocol:0
[   52.634184] firmadyne: sys_socket[PID: 2603 (pingcheck)]: family:1, type:2, protocol:0
[   52.646215] firmadyne: sys_socket[PID: 2606 (ip6tables)]: family:1, type:2, protocol:0
[   52.646652] firmadyne: sys_socket[PID: 2606 (ip6tables)]: family:10, type:3, protocol:255
[   52.665651] firmadyne: sys_setsockopt[PID: 2606 (ip6tables)]: fd:4, level:41, optname:64
[   52.666224] firmadyne: sys_setsockopt[PID: 2606 (ip6tables)]: fd:4, level:41, optname:65
[   52.852256] firmadyne: sys_socket[PID: 2614 (bdinfo)]: family:1, type:524289, protocol:0
[   53.104895] firmadyne: sys_socket[PID: 2628 (fw3)]: family:1, type:2, protocol:0
[   53.460643] firmadyne: sys_socket[PID: 2648 (gcom)]: family:1, type:524289, protocol:0
[   53.613151] firmadyne: sys_socket[PID: 2656 (logger)]: family:1, type:524289, protocol:0
[   53.975329] firmadyne: sys_socket[PID: 2677 (ubus)]: family:1, type:2, protocol:0
[   54.130682] firmadyne: sys_socket[PID: 2685 (mosquitto)]: family:2, type:2, protocol:0
[   54.205016] firmadyne: sys_socket[PID: 2686 (softapd)]: family:1, type:524289, protocol:0
[   54.241204] firmadyne: sys_socket[PID: 2685 (mosquitto)]: family:1, type:524290, protocol:0
[   54.280566] firmadyne: sys_socket[PID: 2685 (mosquitto)]: family:1, type:524289, protocol:0
[   54.294561] firmadyne: sys_socket[PID: 2685 (mosquitto)]: family:2, type:2, protocol:6
[   54.294928] firmadyne: sys_setsockopt[PID: 2685 (mosquitto)]: fd:5, level:65535, optname:4
[   54.295219] firmadyne: sys_setsockopt[PID: 2685 (mosquitto)]: fd:5, level:41, optname:26
[   54.303667] firmadyne: inet_bind[PID: 2685 (mosquitto)]: proto:SOCK_STREAM, port:1883
[   54.304139] firmadyne: sys_socket[PID: 2685 (mosquitto)]: family:2, type:2, protocol:6
[   54.304422] firmadyne: sys_setsockopt[PID: 2685 (mosquitto)]: fd:6, level:65535, optname:4
[   54.304686] firmadyne: sys_setsockopt[PID: 2685 (mosquitto)]: fd:6, level:41, optname:26
[   54.304967] firmadyne: inet_bind[PID: 2685 (mosquitto)]: proto:SOCK_STREAM, port:8883
[   54.852758] firmadyne: sys_socket[PID: 2717 (ubus)]: family:1, type:2, protocol:0
[   55.206632] firmadyne: sys_socket[PID: 2733 (ubus)]: family:1, type:2, protocol:0
[   56.237030] firmadyne: sys_socket[PID: 2791 (fw3)]: family:1, type:2, protocol:0
[   56.337080] firmadyne: sys_socket[PID: 2796 (ubus)]: family:1, type:2, protocol:0
[   56.770201] S95done (2804): drop_caches: 3
[LT500D-EMU] LT500D_LAN_UCI_GATE=PASS network.lan.ipaddr=192.168.10.2
[   56.942407] firmadyne: sys_socket[PID: 2830 (ifconfig)]: family:2, type:1, protocol:0
[   56.991104] firmadyne: sys_socket[PID: 2836 (ubus)]: family:1, type:2, protocol:0
[   57.093761] firmadyne: sys_socket[PID: 2838 (ifconfig)]: family:2, type:1, protocol:0
[LT500D-EMU] LT500D_LAN_IP_GATE=PASS br-lan=192.168.10.2
[   57.141095] firmadyne: sys_socket[PID: 2845 (ifconfig)]: family:2, type:1, protocol:0
[   57.142642] firmadyne: __inet_insert_ifa[PID: 2845 (ifconfig)]: device:eth1 ifa:0x00000000
[   57.144298] IPv6: ADDRCONF(NETDEV_UP): eth1: link is not ready
[   57.144495] 8021q: adding VLAN 0 to HW filter on device eth1
[   57.147928] e1000: eth1 NIC Link is Up 1000 Mbps Full Duplex, Flow Control: RX
[   57.148448] IPv6: ADDRCONF(NETDEV_CHANGE): eth1: link becomes ready
[   57.314617] firmadyne: sys_socket[PID: 2849 (brctl)]: family:2, type:2, protocol:0
[   57.335648] firmadyne: sys_socket[PID: 2849 (brctl)]: family:1, type:524289, protocol:0
[   57.336530] firmadyne: sys_socket[PID: 2849 (brctl)]: family:1, type:524289, protocol:0
[   57.378506] firmadyne: sys_socket[PID: 2851 (ubus)]: family:1, type:2, protocol:0
[   57.380929] firmadyne: sys_socket[PID: 2852 (brctl)]: family:2, type:2, protocol:0
[   57.381402] firmadyne: sys_socket[PID: 2852 (brctl)]: family:1, type:524289, protocol:0
[   57.381980] firmadyne: br_add_if[PID: 2852 (brctl)]: br:br-lan dev:eth1
[   57.382656] device eth1 entered promiscuous mode
[   57.383109] br-lan: port 2(eth1) entered forwarding state
[   57.383337] br-lan: port 2(eth1) entered forwarding state
[   57.410345] firmadyne: sys_socket[PID: 2854 (ifconfig)]: family:2, type:1, protocol:0
[   57.431663] firmadyne: __inet_insert_ifa[PID: 2854 (ifconfig)]: device:eth1 ifa:0x00000000
[   57.456989] firmadyne: sys_socket[PID: 2857 (brctl)]: family:2, type:2, protocol:0
[   57.457963] firmadyne: sys_socket[PID: 2857 (brctl)]: family:1, type:524289, protocol:0
[   57.458666] firmadyne: sys_socket[PID: 2857 (brctl)]: family:1, type:524289, protocol:0
[   57.459006] firmadyne: sys_socket[PID: 2857 (brctl)]: family:1, type:524289, protocol:0
[   57.463556] firmadyne: sys_socket[PID: 2855 (ubus)]: family:1, type:2, protocol:0
[   57.583630] firmadyne: sys_socket[PID: 2859 (hyctl)]: family:16, type:3, protocol:25
[   57.616285] firmadyne: sys_socket[PID: 2864 (ubus)]: family:1, type:2, protocol:0
[   57.711101] firmadyne: sys_socket[PID: 2860 (iptables)]: family:1, type:2, protocol:0
[   57.722517] firmadyne: sys_socket[PID: 2860 (iptables)]: family:2, type:3, protocol:255
[   57.724145] firmadyne: sys_socket[PID: 2870 (ubus)]: family:1, type:2, protocol:0
[   57.800793] firmadyne: sys_socket[PID: 2871 (ubus)]: family:1, type:2, protocol:0
[   57.841235] firmadyne: sys_socket[PID: 2873 (iptables)]: family:1, type:2, protocol:0
[   57.841817] firmadyne: sys_socket[PID: 2873 (iptables)]: family:2, type:3, protocol:255
[   57.883117] firmadyne: sys_setsockopt[PID: 2873 (iptables)]: fd:4, level:0, optname:64
[   57.890838] firmadyne: sys_setsockopt[PID: 2873 (iptables)]: fd:4, level:0, optname:65
[   57.961891] firmadyne: sys_socket[PID: 2874 (hcshd)]: family:2, type:1, protocol:0
[   57.962269] firmadyne: sys_setsockopt[PID: 2874 (hcshd)]: fd:3, level:65535, optname:4
[   57.962718] firmadyne: inet_bind[PID: 2874 (hcshd)]: proto:SOCK_DGRAM, port:56791
[   57.984627] firmadyne: sys_socket[PID: 2878 (fw3)]: family:1, type:2, protocol:0
[   58.045472] firmadyne: sys_socket[PID: 2880 (iptables)]: family:1, type:2, protocol:0
[   58.045974] firmadyne: sys_socket[PID: 2880 (iptables)]: family:2, type:3, protocol:255
[   58.204222] firmadyne: sys_socket[PID: 2882 (iptables)]: family:1, type:2, protocol:0
[   58.204761] firmadyne: sys_socket[PID: 2882 (iptables)]: family:2, type:3, protocol:255
[   58.216452] firmadyne: sys_socket[PID: 2886 (ubus)]: family:1, type:2, protocol:0
[   58.219835] firmadyne: sys_setsockopt[PID: 2882 (iptables)]: fd:4, level:0, optname:64
[   58.220454] firmadyne: sys_setsockopt[PID: 2882 (iptables)]: fd:4, level:0, optname:65
[   58.342297] firmadyne: sys_socket[PID: 2888 (iptables)]: family:1, type:2, protocol:0
[   58.342823] firmadyne: sys_socket[PID: 2888 (iptables)]: family:2, type:3, protocol:255
[   58.463225] firmadyne: sys_socket[PID: 2891 (iptables)]: family:1, type:2, protocol:0
[   58.463884] firmadyne: sys_socket[PID: 2891 (iptables)]: family:2, type:3, protocol:255
[   58.466777] firmadyne: sys_setsockopt[PID: 2891 (iptables)]: fd:4, level:0, optname:64
[   58.467416] firmadyne: sys_setsockopt[PID: 2891 (iptables)]: fd:4, level:0, optname:65
[   58.489052] firmadyne: sys_socket[PID: 2894 (ubus)]: family:1, type:2, protocol:0
[   58.597402] firmadyne: sys_socket[PID: 2898 (gcom)]: family:1, type:524289, protocol:0
[   58.606257] firmadyne: sys_socket[PID: 2897 (iptables)]: family:1, type:2, protocol:0
[   58.606766] firmadyne: sys_socket[PID: 2897 (iptables)]: family:2, type:3, protocol:255
[   58.715294] firmadyne: sys_socket[PID: 2901 (iptables)]: family:1, type:2, protocol:0
[   58.731751] firmadyne: sys_socket[PID: 2901 (iptables)]: family:2, type:3, protocol:255
[   58.734668] firmadyne: sys_setsockopt[PID: 2901 (iptables)]: fd:4, level:0, optname:64
[   58.735307] firmadyne: sys_setsockopt[PID: 2901 (iptables)]: fd:4, level:0, optname:65
[LT500D-EMU] network diagnostic begin
[LT500D-EMU] runtime UCI LAN IP: 192.168.10.2
[LT500D-EMU] bridge
[   58.864824] firmadyne: sys_socket[PID: 2914 (brctl)]: family:2, type:2, protocol:0
bridge name	bridge id		STP enabled	interfaces
[   58.866127] firmadyne: sys_socket[PID: 2914 (brctl)]: family:1, type:524289, protocol:0
[   58.866864] firmadyne: sys_socket[PID: 2914 (brctl)]: family:1, type:524289, protocol:0
br-lan		7fff.525400123456	no		eth0.1
[   58.883512] firmadyne: sys_socket[PID: 2914 (brctl)]: family:1, type:524289, protocol:0
							eth1
brctl: invalid argument 'br-lan' to 'brctl'
[LT500D-EMU] ifconfig br-lan
[   58.915000] firmadyne: sys_socket[PID: 2917 (ifconfig)]: family:2, type:1, protocol:0
br-lan    Link encap:Ethernet  HWaddr 52:54:00:12:34:56  
          inet addr:192.168.10.2  Bcast:192.168.10.255  Mask:255.255.255.0
          UP BROADCAST RUNNING MULTICAST  MTU:1500  Metric:1
          RX packets:0 errors:0 dropped:0 overruns:0 frame:0
          TX packets:0 errors:0 dropped:0 overruns:0 carrier:0
          collisions:0 txqueuelen:0 
          RX bytes:0 (0.0 B)  TX bytes:0 (0.0 B)

[LT500D-EMU] ifconfig eth1
[   59.010649] firmadyne: sys_socket[PID: 2922 (ifconfig)]: family:2, type:1, protocol:0
eth1      Link encap:Ethernet  HWaddr 52:54:00:12:34:57  
          inet6 addr: fe80::5054:ff:fe12:3457/64 Scope:Link
          UP BROADCAST RUNNING MULTICAST  MTU:1500  Metric:1
          RX packets:0 errors:0 dropped:0 overruns:0 frame:0
          TX packets:0 errors:0 dropped:0 overruns:0 carrier:0
          collisions:0 txqueuelen:1000 
          RX bytes:0 (0.0 B)  TX bytes:0 (0.0 B)

[LT500D-EMU] route -n
Kernel IP routing table
Destination     Gateway         Genmask         Flags Metric Ref    Use Iface
192.168.10.0    0.0.0.0         255.255.255.0   U     0      0        0 br-lan
[LT500D-EMU] listeners
Active Internet connections (only servers)
Proto Recv-Q Send-Q Local Address           Foreign Address         State       
tcp        0      0 0.0.0.0:80              0.0.0.0:*               LISTEN      
tcp        0      0 0.0.0.0:53              0.0.0.0:*               LISTEN      
tcp        0      0 0.0.0.0:443             0.0.0.0:*               LISTEN      
tcp        0      0 :::80                   :::*                    LISTEN      
tcp        0      0 :::53                   :::*                    LISTEN      
tcp        0      0 :::443                  :::*                    LISTEN      
[LT500D-EMU] INPUT
[   59.186069] firmadyne: sys_socket[PID: 2935 (iptables)]: family:1, type:2, protocol:0
[   59.186611] firmadyne: sys_socket[PID: 2935 (iptables)]: family:2, type:3, protocol:255
Chain INPUT (policy DROP 0 packets, 0 bytes)
num   pkts bytes target     prot opt in     out     source               destination         
1        0     0 ACCEPT     tcp  --  br-lan *       192.168.10.254       0.0.0.0/0            tcp dpt:443
2        0     0 ACCEPT     tcp  --  br-lan *       192.168.10.254       0.0.0.0/0            tcp dpt:80
[LT500D-EMU] OUTPUT
[   59.264228] firmadyne: inet_accept[PID: 2245 (uhttpd)]:
[   59.265625] firmadyne: inet_accept[PID: 2245 (uhttpd)]:
[   59.265941] firmadyne: inet_accept[PID: 2245 (uhttpd)]:
[   59.266164] firmadyne: inet_accept[PID: 2245 (uhttpd)]:
[   59.266361] firmadyne: inet_accept[PID: 2245 (uhttpd)]:
[   59.266552] firmadyne: inet_accept[PID: 2245 (uhttpd)]:
[   59.266794] firmadyne: inet_accept[PID: 2245 (uhttpd)]:
[   59.383641] br-lan: port 2(eth1) entered forwarding state
[   59.524954] firmadyne: inet_accept[PID: 2245 (uhttpd)]:
[   59.525229] firmadyne: inet_accept[PID: 2245 (uhttpd)]:
[   59.552593] firmadyne: sys_socket[PID: 2939 (iptables)]: family:1, type:2, protocol:0
[   59.553479] firmadyne: sys_socket[PID: 2939 (iptables)]: family:2, type:3, protocol:255
[   59.560206] firmadyne: inet_accept[PID: 2245 (uhttpd)]:
[   59.560508] firmadyne: inet_accept[PID: 2245 (uhttpd)]:
Chain OUTPUT (policy DROP 0 packets, 0 bytes)
num   pkts bytes target     prot opt in     out     source               destination         
1        0     0 ACCEPT     tcp  --  *      br-lan  0.0.0.0/0            192.168.10.254       tcp spt:443
2       47  4845 ACCEPT     tcp  --  *      br-lan  0.0.0.0/0            192.168.10.254       tcp spt:80
[LT500D-EMU] rp_filter
/proc/sys/net/ipv4/conf/all/rp_filter=0
[   59.650666] firmadyne: sys_socket[PID: 2943 (mosquitto)]: family:2, type:2, protocol:0
/proc/sys/net/ipv4/conf/br-lan/rp_filter=0
/proc/sys/net/ipv4/conf/eth1/rp_filter=0
[LT500D-EMU] network diagnostic end
[   59.824277] firmadyne: sys_socket[PID: 2943 (mosquitto)]: family:1, type:524290, protocol:0
[   59.876034] firmadyne: sys_socket[PID: 2943 (mosquitto)]: family:1, type:524289, protocol:0
[   59.953816] firmadyne: sys_socket[PID: 2943 (mosquitto)]: family:2, type:2, protocol:6
[   59.954237] firmadyne: sys_setsockopt[PID: 2943 (mosquitto)]: fd:5, level:65535, optname:4
[   59.954530] firmadyne: sys_setsockopt[PID: 2943 (mosquitto)]: fd:5, level:41, optname:26
[   59.954996] firmadyne: inet_bind[PID: 2943 (mosquitto)]: proto:SOCK_STREAM, port:1883
[   60.023812] firmadyne: sys_socket[PID: 2943 (mosquitto)]: family:2, type:2, protocol:6
[   60.024157] firmadyne: sys_setsockopt[PID: 2943 (mosquitto)]: fd:6, level:65535, optname:4
[   60.024425] firmadyne: sys_setsockopt[PID: 2943 (mosquitto)]: fd:6, level:41, optname:26
[   60.024693] firmadyne: inet_bind[PID: 2943 (mosquitto)]: proto:SOCK_STREAM, port:8883
[   60.230788] firmadyne: sys_socket[PID: 2972 (logger)]: family:1, type:524289, protocol:0
[   60.285344] firmadyne: sys_socket[PID: 2974 (ubus)]: family:1, type:2, protocol:0
[   60.414684] firmadyne: sys_socket[PID: 2980 (ntpd)]: family:2, type:524417, protocol:0
[   60.415103] firmadyne: inet_bind[PID: 2980 (ntpd)]: proto:SOCK_DGRAM, port:0
[   60.463203] firmadyne: sys_socket[PID: 2981 (ntpd)]: family:2, type:524417, protocol:0
[   60.491574] firmadyne: inet_bind[PID: 2981 (ntpd)]: proto:SOCK_DGRAM, port:0
[   60.708883] firmadyne: inet_accept[PID: 2245 (uhttpd)]:
[   60.709458] firmadyne: inet_accept[PID: 2245 (uhttpd)]:
[   61.076787] firmadyne: inet_accept[PID: 2245 (uhttpd)]:
[   61.077090] firmadyne: inet_accept[PID: 2245 (uhttpd)]:
[   61.077287] firmadyne: inet_accept[PID: 2245 (uhttpd)]:
[   61.077477] firmadyne: inet_accept[PID: 2245 (uhttpd)]:
[   61.077669] firmadyne: inet_accept[PID: 2245 (uhttpd)]:
[   61.228579] firmadyne: sys_socket[PID: 3010 (logger)]: family:1, type:524289, protocol:0
[   61.642466] firmadyne: sys_socket[PID: 3023 (ubus)]: family:1, type:2, protocol:0
[   62.138242] firmadyne: sys_socket[PID: 2944 (luci)]: family:1, type:2, protocol:0
[   62.194677] firmadyne: sys_socket[PID: 2944 (luci)]: family:16, type:524291, protocol:0
[   62.338729] firmadyne: sys_socket[PID: 3044 (brctl)]: family:2, type:2, protocol:0
[   62.351615] firmadyne: sys_socket[PID: 3044 (brctl)]: family:1, type:524289, protocol:0
[   62.353485] firmadyne: sys_socket[PID: 3044 (brctl)]: family:1, type:524289, protocol:0
[   62.353880] firmadyne: sys_socket[PID: 3044 (brctl)]: family:1, type:524289, protocol:0
[   62.388394] firmadyne: sys_socket[PID: 3047 (logger)]: family:1, type:524289, protocol:0
[   62.456426] firmadyne: sys_socket[PID: 3048 (ubus)]: family:1, type:2, protocol:0
[   62.546487] firmadyne: sys_socket[PID: 3050 (crond)]: family:1, type:524289, protocol:0
[   62.584721] firmadyne: inet_accept[PID: 2245 (uhttpd)]:
[   62.586237] firmadyne: inet_accept[PID: 2245 (uhttpd)]:
[   62.900558] firmadyne: sys_socket[PID: 3065 (ubus)]: family:1, type:2, protocol:0
[   63.076992] firmadyne: inet_accept[PID: 2245 (uhttpd)]:
[   63.077358] firmadyne: inet_accept[PID: 2245 (uhttpd)]:
[   63.077558] firmadyne: inet_accept[PID: 2245 (uhttpd)]:
[   63.077782] firmadyne: inet_accept[PID: 2245 (uhttpd)]:
[   63.077977] firmadyne: inet_accept[PID: 2245 (uhttpd)]:
[   63.123368] firmadyne: sys_socket[PID: 3075 (ifconfig)]: family:2, type:1, protocol:0
[   63.200689] firmadyne: sys_socket[PID: 3083 (ubus)]: family:1, type:2, protocol:0
[   63.225486] firmadyne: sys_socket[PID: 3084 (ubus)]: family:1, type:2, protocol:0
[   63.296164] firmadyne: sys_socket[PID: 3086 (ifconfig)]: family:2, type:1, protocol:0
[   63.456147] firmadyne: sys_socket[PID: 3095 (ubus)]: family:1, type:2, protocol:0
[   63.566936] firmadyne: sys_socket[PID: 3099 (ubus)]: family:1, type:2, protocol:0
[   63.693960] firmadyne: sys_socket[PID: 3107 (gcom)]: family:1, type:524289, protocol:0
[   63.878969] firmadyne: sys_socket[PID: 3116 (ubus)]: family:1, type:2, protocol:0
[   64.105507] firmadyne: sys_socket[PID: 3129 (ubus)]: family:1, type:2, protocol:0
[   64.165187] firmadyne: sys_socket[PID: 3130 (crond)]: family:1, type:524289, protocol:0
[   64.333745] firmadyne: sys_socket[PID: 3139 (ubus)]: family:1, type:2, protocol:0
[   64.511961] firmadyne: sys_socket[PID: 3147 (ubus)]: family:1, type:2, protocol:0
[   64.576557] firmadyne: inet_accept[PID: 2245 (uhttpd)]:
[   64.576892] firmadyne: inet_accept[PID: 2245 (uhttpd)]:
[   64.577126] firmadyne: inet_accept[PID: 2245 (uhttpd)]:
[   64.819250] firmadyne: sys_socket[PID: 3161 (fw3)]: family:1, type:2, protocol:0
[   64.896441] firmadyne: sys_socket[PID: 3166 (ifconfig)]: family:2, type:1, protocol:0
[   64.898075] firmadyne: __inet_insert_ifa[PID: 3166 (ifconfig)]: device:eth1 ifa:0x00000000
[   64.911864] firmadyne: sys_socket[PID: 3161 (fw3)]: family:2, type:3, protocol:255
[   64.932290] firmadyne: sys_socket[PID: 1 (procd)]: family:1, type:524289, protocol:0
[   64.952671] firmadyne: sys_setsockopt[PID: 3161 (fw3)]: fd:4, level:0, optname:64
[   64.968683] firmadyne: sys_setsockopt[PID: 3161 (fw3)]: fd:4, level:0, optname:65
[   64.970051] firmadyne: sys_socket[PID: 3161 (fw3)]: family:2, type:3, protocol:255
[   64.970759] firmadyne: sys_socket[PID: 3161 (fw3)]: family:2, type:3, protocol:255
[   64.971342] firmadyne: sys_socket[PID: 3161 (fw3)]: family:2, type:3, protocol:255
[   64.972114] firmadyne: sys_socket[PID: 3169 (brctl)]: family:2, type:2, protocol:0
[   64.973081] firmadyne: sys_socket[PID: 3169 (brctl)]: family:1, type:524289, protocol:0
[   64.973977] firmadyne: sys_socket[PID: 3169 (brctl)]: family:1, type:524289, protocol:0
[   64.974301] firmadyne: sys_socket[PID: 3169 (brctl)]: family:1, type:524289, protocol:0
[   65.016300] firmadyne: sys_socket[PID: 3161 (fw3)]: family:10, type:524289, protocol:17
[   65.018479] firmadyne: sys_socket[PID: 3161 (fw3)]: family:10, type:524289, protocol:17
[   65.026126] firmadyne: sys_socket[PID: 3161 (fw3)]: family:10, type:524289, protocol:17
[   65.026503] firmadyne: sys_socket[PID: 3161 (fw3)]: family:10, type:524289, protocol:17
[   65.027001] firmadyne: sys_socket[PID: 3161 (fw3)]: family:10, type:524289, protocol:17
[   65.027310] firmadyne: sys_socket[PID: 3161 (fw3)]: family:10, type:524289, protocol:17
[   65.031831] firmadyne: sys_socket[PID: 3161 (fw3)]: family:10, type:524289, protocol:17
[   65.032169] firmadyne: sys_socket[PID: 3161 (fw3)]: family:10, type:524289, protocol:17
[   65.032890] firmadyne: sys_socket[PID: 3161 (fw3)]: family:10, type:524289, protocol:17
[   65.033205] firmadyne: sys_socket[PID: 3161 (fw3)]: family:10, type:524289, protocol:17
[   65.034125] firmadyne: sys_socket[PID: 3161 (fw3)]: family:10, type:524289, protocol:17
[   65.034476] firmadyne: sys_socket[PID: 3161 (fw3)]: family:10, type:524289, protocol:17
[   65.034945] firmadyne: sys_socket[PID: 3161 (fw3)]: family:10, type:524289, protocol:17
[   65.035247] firmadyne: sys_socket[PID: 3161 (fw3)]: family:10, type:524289, protocol:17
[   65.039915] firmadyne: sys_socket[PID: 3161 (fw3)]: family:10, type:524289, protocol:17
[   65.040246] firmadyne: sys_socket[PID: 3161 (fw3)]: family:10, type:524289, protocol:17
[   65.041073] firmadyne: sys_socket[PID: 3161 (fw3)]: family:10, type:524289, protocol:17
[   65.041422] firmadyne: sys_socket[PID: 3161 (fw3)]: family:10, type:524289, protocol:17
[   65.041787] firmadyne: sys_socket[PID: 3161 (fw3)]: family:10, type:524289, protocol:17
[   65.042273] firmadyne: sys_socket[PID: 3161 (fw3)]: family:10, type:524289, protocol:17
[   65.044723] firmadyne: sys_socket[PID: 3171 (iptables)]: family:1, type:2, protocol:0
[   65.045534] firmadyne: sys_socket[PID: 3171 (iptables)]: family:2, type:3, protocol:255
[   65.056071] firmadyne: sys_setsockopt[PID: 3161 (fw3)]: fd:7, level:0, optname:64
[   65.064372] firmadyne: sys_socket[PID: 3161 (fw3)]: family:2, type:3, protocol:255
[   65.065073] firmadyne: sys_socket[PID: 3161 (fw3)]: family:2, type:3, protocol:255
[   65.065866] firmadyne: sys_socket[PID: 3161 (fw3)]: family:10, type:3, protocol:255
[   65.070280] firmadyne: sys_setsockopt[PID: 3161 (fw3)]: fd:10, level:41, optname:64
[   65.075957] firmadyne: sys_setsockopt[PID: 3161 (fw3)]: fd:10, level:41, optname:65
[   65.076741] firmadyne: sys_socket[PID: 3161 (fw3)]: family:10, type:3, protocol:255
[   65.077298] firmadyne: sys_socket[PID: 3161 (fw3)]: family:10, type:3, protocol:255
[   65.077818] firmadyne: sys_socket[PID: 3161 (fw3)]: family:10, type:3, protocol:255
[   65.085613] firmadyne: sys_socket[PID: 3161 (fw3)]: family:10, type:524289, protocol:17
[   65.086023] firmadyne: sys_socket[PID: 3161 (fw3)]: family:10, type:524289, protocol:17
[   65.093487] firmadyne: sys_socket[PID: 3161 (fw3)]: family:10, type:524289, protocol:17
[   65.093873] firmadyne: sys_socket[PID: 3161 (fw3)]: family:10, type:524289, protocol:17
[   65.094330] firmadyne: sys_socket[PID: 3161 (fw3)]: family:10, type:524289, protocol:17
[   65.094645] firmadyne: sys_socket[PID: 3161 (fw3)]: family:10, type:524289, protocol:17
[   65.095171] firmadyne: sys_socket[PID: 3161 (fw3)]: family:10, type:524289, protocol:17
[   65.100610] firmadyne: sys_socket[PID: 3161 (fw3)]: family:10, type:524289, protocol:17
[   65.101207] firmadyne: sys_socket[PID: 3161 (fw3)]: family:10, type:524289, protocol:17
[   65.101519] firmadyne: sys_socket[PID: 3161 (fw3)]: family:10, type:524289, protocol:17
[   65.102132] firmadyne: sys_socket[PID: 3161 (fw3)]: family:10, type:524289, protocol:17
[   65.102452] firmadyne: sys_socket[PID: 3161 (fw3)]: family:10, type:524289, protocol:17
[   65.103205] firmadyne: sys_socket[PID: 3161 (fw3)]: family:10, type:524289, protocol:17
[   65.104189] firmadyne: sys_socket[PID: 3172 (iptables)]: family:1, type:2, protocol:0
[   65.104642] firmadyne: sys_socket[PID: 3172 (iptables)]: family:2, type:3, protocol:255
[   65.111531] firmadyne: sys_socket[PID: 3161 (fw3)]: family:10, type:524289, protocol:17
[   65.111944] firmadyne: sys_socket[PID: 3161 (fw3)]: family:10, type:524289, protocol:17
[   65.112245] firmadyne: sys_socket[PID: 3161 (fw3)]: family:10, type:524289, protocol:17
[   65.114966] firmadyne: sys_setsockopt[PID: 3161 (fw3)]: fd:13, level:41, optname:64
[   65.128272] firmadyne: sys_socket[PID: 3161 (fw3)]: family:10, type:3, protocol:255
[   65.128919] firmadyne: sys_socket[PID: 3161 (fw3)]: family:10, type:3, protocol:255
[   65.129500] firmadyne: sys_socket[PID: 3161 (fw3)]: family:16, type:524291, protocol:0
[   65.156448] firmadyne: sys_socket[PID: 3175 (mosquitto)]: family:2, type:2, protocol:0
[   65.184204] firmadyne: sys_socket[PID: 3177 (iptables)]: family:1, type:2, protocol:0
[   65.184673] firmadyne: sys_socket[PID: 3177 (iptables)]: family:2, type:3, protocol:255
[   65.228819] firmadyne: sys_socket[PID: 3175 (mosquitto)]: family:1, type:524290, protocol:0
[   65.258755] firmadyne: sys_socket[PID: 3175 (mosquitto)]: family:1, type:524289, protocol:0
[   65.265830] firmadyne: sys_socket[PID: 3180 (iptables)]: family:1, type:2, protocol:0
[   65.266317] firmadyne: sys_socket[PID: 3180 (iptables)]: family:2, type:3, protocol:255
[   65.274091] firmadyne: sys_socket[PID: 3175 (mosquitto)]: family:2, type:2, protocol:6
[   65.274478] firmadyne: sys_setsockopt[PID: 3175 (mosquitto)]: fd:5, level:65535, optname:4
[   65.274938] firmadyne: sys_setsockopt[PID: 3175 (mosquitto)]: fd:5, level:41, optname:26
[   65.291577] firmadyne: inet_bind[PID: 3175 (mosquitto)]: proto:SOCK_STREAM, port:1883
[   65.293160] firmadyne: sys_socket[PID: 3175 (mosquitto)]: family:2, type:2, protocol:6
[   65.293451] firmadyne: sys_setsockopt[PID: 3175 (mosquitto)]: fd:6, level:65535, optname:4
[   65.293731] firmadyne: sys_setsockopt[PID: 3175 (mosquitto)]: fd:6, level:41, optname:26
[   65.293997] firmadyne: inet_bind[PID: 3175 (mosquitto)]: proto:SOCK_STREAM, port:8883
[   65.343842] firmadyne: sys_socket[PID: 3183 (ipset)]: family:16, type:3, protocol:12
[   65.364579] firmadyne: sys_socket[PID: 3186 (ipset)]: family:16, type:3, protocol:12
[   65.396554] firmadyne: sys_socket[PID: 3190 (ipset)]: family:16, type:3, protocol:12
[   65.414681] firmadyne: sys_socket[PID: 3193 (ipset)]: family:16, type:3, protocol:12
[   65.432866] firmadyne: sys_socket[PID: 3196 (ipset)]: family:16, type:3, protocol:12
[   65.450307] firmadyne: sys_socket[PID: 3199 (ipset)]: family:16, type:3, protocol:12
[   65.470004] firmadyne: sys_socket[PID: 3202 (ipset)]: family:16, type:3, protocol:12
[   65.487859] firmadyne: sys_socket[PID: 3205 (ipset)]: family:16, type:3, protocol:12
[   65.536857] firmadyne: sys_socket[PID: 3209 (iptables)]: family:1, type:2, protocol:0
[   65.537389] firmadyne: sys_socket[PID: 3209 (iptables)]: family:2, type:3, protocol:255
[   65.541177] firmadyne: sys_setsockopt[PID: 3209 (iptables)]: fd:1, level:0, optname:64
[   65.541737] firmadyne: sys_setsockopt[PID: 3209 (iptables)]: fd:1, level:0, optname:65
[   65.564783] firmadyne: sys_socket[PID: 3210 (iptables)]: family:1, type:2, protocol:0
[   65.565235] firmadyne: sys_socket[PID: 3210 (iptables)]: family:2, type:3, protocol:255
[   65.591216] firmadyne: sys_socket[PID: 3211 (ip6tables)]: family:1, type:2, protocol:0
[   65.591809] firmadyne: sys_socket[PID: 3211 (ip6tables)]: family:10, type:3, protocol:255
[   65.595939] firmadyne: sys_setsockopt[PID: 3211 (ip6tables)]: fd:1, level:41, optname:64
[   65.596478] firmadyne: sys_setsockopt[PID: 3211 (ip6tables)]: fd:1, level:41, optname:65
[   65.619352] firmadyne: sys_socket[PID: 3212 (ip6tables)]: family:1, type:2, protocol:0
[   65.619873] firmadyne: sys_socket[PID: 3212 (ip6tables)]: family:10, type:3, protocol:255
[   65.642931] firmadyne: sys_socket[PID: 3213 (iptables)]: family:1, type:2, protocol:0
[   65.643588] firmadyne: sys_socket[PID: 3213 (iptables)]: family:2, type:3, protocol:255
[   65.646394] firmadyne: sys_setsockopt[PID: 3213 (iptables)]: fd:1, level:0, optname:64
[   65.646964] firmadyne: sys_setsockopt[PID: 3213 (iptables)]: fd:1, level:0, optname:65
[   65.667051] firmadyne: sys_socket[PID: 3214 (iptables)]: family:1, type:2, protocol:0
[   65.667739] firmadyne: sys_socket[PID: 3214 (iptables)]: family:2, type:3, protocol:255
[   65.670587] firmadyne: sys_setsockopt[PID: 3214 (iptables)]: fd:1, level:0, optname:64
[   65.671132] firmadyne: sys_setsockopt[PID: 3214 (iptables)]: fd:1, level:0, optname:65
[   65.691499] firmadyne: sys_socket[PID: 3215 (ip6tables)]: family:1, type:2, protocol:0
[   65.691968] firmadyne: sys_socket[PID: 3215 (ip6tables)]: family:10, type:3, protocol:255
[   65.694654] firmadyne: sys_setsockopt[PID: 3215 (ip6tables)]: fd:1, level:41, optname:64
[   65.695185] firmadyne: sys_setsockopt[PID: 3215 (ip6tables)]: fd:1, level:41, optname:65
[   65.715959] firmadyne: sys_socket[PID: 3216 (ip6tables)]: family:1, type:2, protocol:0
[   65.716404] firmadyne: sys_socket[PID: 3216 (ip6tables)]: family:10, type:3, protocol:255
[   65.719005] firmadyne: sys_setsockopt[PID: 3216 (ip6tables)]: fd:1, level:41, optname:64
[   65.719817] firmadyne: sys_setsockopt[PID: 3216 (ip6tables)]: fd:1, level:41, optname:65
[   65.790782] firmadyne: sys_socket[PID: 3219 (iptables)]: family:1, type:2, protocol:0
[   65.791290] firmadyne: sys_socket[PID: 3219 (iptables)]: family:2, type:3, protocol:255
[   65.794535] firmadyne: sys_setsockopt[PID: 3219 (iptables)]: fd:1, level:0, optname:64
[   65.795102] firmadyne: sys_setsockopt[PID: 3219 (iptables)]: fd:1, level:0, optname:65
[   65.818549] firmadyne: sys_socket[PID: 3220 (iptables)]: family:10, type:524289, protocol:17
[   65.819331] firmadyne: sys_socket[PID: 3220 (iptables)]: family:10, type:524289, protocol:17
[   65.822783] firmadyne: sys_socket[PID: 3220 (iptables)]: family:1, type:2, protocol:0
[   65.823264] firmadyne: sys_socket[PID: 3220 (iptables)]: family:2, type:3, protocol:255
[   65.826763] firmadyne: sys_setsockopt[PID: 3220 (iptables)]: fd:1, level:0, optname:64
[   65.827372] firmadyne: sys_setsockopt[PID: 3220 (iptables)]: fd:1, level:0, optname:65
[   65.851005] firmadyne: sys_socket[PID: 3221 (iptables)]: family:1, type:2, protocol:0
[   65.851745] firmadyne: sys_socket[PID: 3221 (iptables)]: family:2, type:3, protocol:255
[   65.854478] firmadyne: sys_setsockopt[PID: 3221 (iptables)]: fd:1, level:0, optname:64
[   65.855089] firmadyne: sys_setsockopt[PID: 3221 (iptables)]: fd:1, level:0, optname:65
[   65.875963] firmadyne: sys_socket[PID: 3222 (ip6tables)]: family:1, type:2, protocol:0
[   65.876403] firmadyne: sys_socket[PID: 3222 (ip6tables)]: family:10, type:3, protocol:255
[   65.879038] firmadyne: sys_setsockopt[PID: 3222 (ip6tables)]: fd:1, level:41, optname:64
[   65.879839] firmadyne: sys_setsockopt[PID: 3222 (ip6tables)]: fd:1, level:41, optname:65
[   65.900060] firmadyne: inet_accept[PID: 2245 (uhttpd)]:
[   65.900600] firmadyne: inet_accept[PID: 2245 (uhttpd)]:
[   65.900832] firmadyne: inet_accept[PID: 2245 (uhttpd)]:
[   65.901023] firmadyne: inet_accept[PID: 2245 (uhttpd)]:
[   65.908295] firmadyne: sys_socket[PID: 3223 (ip6tables)]: family:10, type:524289, protocol:17
[   65.909049] firmadyne: sys_socket[PID: 3223 (ip6tables)]: family:10, type:524289, protocol:17
[   65.912534] firmadyne: sys_socket[PID: 3223 (ip6tables)]: family:1, type:2, protocol:0
[   65.912953] firmadyne: sys_socket[PID: 3223 (ip6tables)]: family:10, type:3, protocol:255
[   65.916176] firmadyne: sys_setsockopt[PID: 3223 (ip6tables)]: fd:1, level:41, optname:64
[   65.916777] firmadyne: sys_setsockopt[PID: 3223 (ip6tables)]: fd:1, level:41, optname:65
[   65.940875] firmadyne: sys_socket[PID: 3224 (ip6tables)]: family:1, type:2, protocol:0
[   65.941353] firmadyne: sys_socket[PID: 3224 (ip6tables)]: family:10, type:3, protocol:255
[   65.944409] firmadyne: sys_setsockopt[PID: 3224 (ip6tables)]: fd:1, level:41, optname:64
[   65.945045] firmadyne: sys_setsockopt[PID: 3224 (ip6tables)]: fd:1, level:41, optname:65
[   65.991905] firmadyne: sys_socket[PID: 3226 (iptables)]: family:1, type:2, protocol:0
[   65.992403] firmadyne: sys_socket[PID: 3226 (iptables)]: family:2, type:3, protocol:255
[   65.995872] firmadyne: sys_setsockopt[PID: 3226 (iptables)]: fd:1, level:0, optname:64
[   65.996480] firmadyne: sys_setsockopt[PID: 3226 (iptables)]: fd:1, level:0, optname:65
[   66.019269] firmadyne: sys_socket[PID: 3227 (ip6tables)]: family:1, type:2, protocol:0
[   66.019803] firmadyne: sys_socket[PID: 3227 (ip6tables)]: family:10, type:3, protocol:255
[   66.022881] firmadyne: sys_setsockopt[PID: 3227 (ip6tables)]: fd:1, level:41, optname:64
[   66.023803] firmadyne: sys_setsockopt[PID: 3227 (ip6tables)]: fd:1, level:41, optname:65
[   66.069315] firmadyne: sys_socket[PID: 3229 (iptables)]: family:1, type:2, protocol:0
[   66.069864] firmadyne: sys_socket[PID: 3229 (iptables)]: family:2, type:3, protocol:255
[   66.072976] firmadyne: sys_setsockopt[PID: 3229 (iptables)]: fd:1, level:0, optname:64
[   66.073538] firmadyne: sys_setsockopt[PID: 3229 (iptables)]: fd:1, level:0, optname:65
[   66.094870] firmadyne: sys_socket[PID: 3230 (iptables)]: family:1, type:2, protocol:0
[   66.095384] firmadyne: sys_socket[PID: 3230 (iptables)]: family:2, type:3, protocol:255
[   66.098737] firmadyne: sys_setsockopt[PID: 3230 (iptables)]: fd:1, level:0, optname:64
[   66.099276] firmadyne: sys_setsockopt[PID: 3230 (iptables)]: fd:1, level:0, optname:65
[   66.121014] firmadyne: sys_socket[PID: 3231 (iptables)]: family:1, type:2, protocol:0
[   66.121543] firmadyne: sys_socket[PID: 3231 (iptables)]: family:2, type:3, protocol:255
[   66.124924] firmadyne: sys_setsockopt[PID: 3231 (iptables)]: fd:1, level:0, optname:64
[   66.125464] firmadyne: sys_setsockopt[PID: 3231 (iptables)]: fd:1, level:0, optname:65
[   66.150235] firmadyne: sys_socket[PID: 3232 (iptables)]: family:1, type:2, protocol:0
[   66.150755] firmadyne: sys_socket[PID: 3232 (iptables)]: family:2, type:3, protocol:255
[   66.397117] firmadyne: sys_socket[PID: 3240 (iptables)]: family:1, type:2, protocol:0
[   66.397628] firmadyne: sys_socket[PID: 3240 (iptables)]: family:2, type:3, protocol:255
[   66.426043] firmadyne: sys_socket[PID: 3241 (iptables)]: family:1, type:2, protocol:0
[   66.426526] firmadyne: sys_socket[PID: 3241 (iptables)]: family:2, type:3, protocol:255
[   66.429306] firmadyne: sys_setsockopt[PID: 3241 (iptables)]: fd:1, level:0, optname:64
[   66.456230] firmadyne: sys_socket[PID: 3244 (iptables)]: family:1, type:2, protocol:0
[   66.456686] firmadyne: sys_socket[PID: 3244 (iptables)]: family:2, type:3, protocol:255
[   66.485032] firmadyne: sys_socket[PID: 3245 (iptables)]: family:1, type:2, protocol:0
[   66.485495] firmadyne: sys_socket[PID: 3245 (iptables)]: family:2, type:3, protocol:255
[   66.513661] firmadyne: sys_socket[PID: 3246 (iptables)]: family:1, type:2, protocol:0
[   66.514141] firmadyne: sys_socket[PID: 3246 (iptables)]: family:2, type:3, protocol:255
[   66.576528] firmadyne: inet_accept[PID: 2245 (uhttpd)]:
[   66.576881] firmadyne: inet_accept[PID: 2245 (uhttpd)]:
[   66.577076] firmadyne: inet_accept[PID: 2245 (uhttpd)]:
[   66.705503] firmadyne: sys_socket[PID: 3255 (iptables)]: family:1, type:2, protocol:0
[   66.706040] firmadyne: sys_socket[PID: 3255 (iptables)]: family:2, type:3, protocol:255
[   66.732431] firmadyne: sys_socket[PID: 3256 (iptables)]: family:1, type:2, protocol:0
[   66.732983] firmadyne: sys_socket[PID: 3256 (iptables)]: family:2, type:3, protocol:255
[   66.756857] firmadyne: sys_socket[PID: 3257 (iptables)]: family:1, type:2, protocol:0
[   66.757363] firmadyne: sys_socket[PID: 3257 (iptables)]: family:2, type:3, protocol:255
[   66.781284] firmadyne: sys_socket[PID: 3258 (iptables)]: family:1, type:2, protocol:0
[   66.781821] firmadyne: sys_socket[PID: 3258 (iptables)]: family:2, type:3, protocol:255
[   66.805845] firmadyne: sys_socket[PID: 3259 (iptables)]: family:1, type:2, protocol:0
[   66.806416] firmadyne: sys_socket[PID: 3259 (iptables)]: family:2, type:3, protocol:255
[   66.831124] firmadyne: sys_socket[PID: 3260 (iptables)]: family:1, type:2, protocol:0
[   66.831834] firmadyne: sys_socket[PID: 3260 (iptables)]: family:2, type:3, protocol:255
[   66.949334] firmadyne: sys_socket[PID: 3265 (ubus)]: family:1, type:2, protocol:0
[   67.030429] firmadyne: sys_socket[PID: 3268 (logger)]: family:1, type:524289, protocol:0
[   67.055200] firmadyne: sys_socket[PID: 3269 (iptables)]: family:1, type:2, protocol:0
[   67.056132] firmadyne: sys_socket[PID: 3269 (iptables)]: family:2, type:3, protocol:255
[   67.076647] firmadyne: inet_accept[PID: 2245 (uhttpd)]:
[   67.076979] firmadyne: inet_accept[PID: 2245 (uhttpd)]:
[   67.077176] firmadyne: inet_accept[PID: 2245 (uhttpd)]:
[   67.077365] firmadyne: inet_accept[PID: 2245 (uhttpd)]:
[   67.084285] firmadyne: sys_socket[PID: 3270 (iptables)]: family:1, type:2, protocol:0
[   67.084784] firmadyne: sys_socket[PID: 3270 (iptables)]: family:2, type:3, protocol:255
[   67.107593] firmadyne: sys_socket[PID: 3271 (iptables)]: family:1, type:2, protocol:0
[   67.108097] firmadyne: sys_socket[PID: 3271 (iptables)]: family:2, type:3, protocol:255
[   67.127141] firmadyne: sys_socket[PID: 3272 (ip)]: family:16, type:524291, protocol:0
[   67.127647] firmadyne: sys_setsockopt[PID: 3272 (ip)]: fd:0, level:65535, optname:4097
[   67.128011] firmadyne: sys_setsockopt[PID: 3272 (ip)]: fd:0, level:65535, optname:4098
[   67.143131] firmadyne: sys_socket[PID: 3273 (ipset)]: family:16, type:3, protocol:12
[   67.161452] firmadyne: sys_socket[PID: 3276 (ipset)]: family:16, type:3, protocol:12
[   67.180065] firmadyne: sys_socket[PID: 3279 (ipset)]: family:16, type:3, protocol:12
[   67.198007] firmadyne: sys_socket[PID: 3282 (ipset)]: family:16, type:3, protocol:12
[   67.216465] firmadyne: sys_socket[PID: 3285 (ipset)]: family:16, type:3, protocol:12
[   67.234755] firmadyne: sys_socket[PID: 3288 (ipset)]: family:16, type:3, protocol:12
[   67.280150] firmadyne: sys_socket[PID: 3292 (ipset)]: family:16, type:3, protocol:12
[   67.298252] firmadyne: sys_socket[PID: 3295 (ipset)]: family:16, type:3, protocol:12
[   67.439172] firmadyne: sys_socket[PID: 3303 (iptables)]: family:1, type:2, protocol:0
[   67.439867] firmadyne: sys_socket[PID: 3303 (iptables)]: family:2, type:3, protocol:255
[   67.462977] firmadyne: sys_socket[PID: 3304 (iptables)]: family:1, type:2, protocol:0
[   67.463842] firmadyne: sys_socket[PID: 3304 (iptables)]: family:2, type:3, protocol:255
[   67.465460] firmadyne: sys_socket[PID: 3304 (iptables)]: family:2, type:3, protocol:255
[   67.487334] firmadyne: sys_socket[PID: 3309 (iptables)]: family:1, type:2, protocol:0
[   67.488031] firmadyne: sys_socket[PID: 3309 (iptables)]: family:2, type:3, protocol:255
[   67.489294] firmadyne: sys_socket[PID: 3309 (iptables)]: family:2, type:3, protocol:255
[   67.511131] firmadyne: sys_socket[PID: 3314 (ip6tables)]: family:1, type:2, protocol:0
[   67.511768] firmadyne: sys_socket[PID: 3314 (ip6tables)]: family:10, type:3, protocol:255
[   67.605188] firmadyne: sys_socket[PID: 3318 (iptables)]: family:1, type:2, protocol:0
[   67.605743] firmadyne: sys_socket[PID: 3318 (iptables)]: family:2, type:3, protocol:255
[   67.631594] firmadyne: sys_socket[PID: 3320 (iptables)]: family:1, type:2, protocol:0
[   67.632114] firmadyne: sys_socket[PID: 3320 (iptables)]: family:2, type:3, protocol:255
[   67.656230] firmadyne: sys_socket[PID: 3321 (iptables)]: family:1, type:2, protocol:0
[   67.656755] firmadyne: sys_socket[PID: 3321 (iptables)]: family:2, type:3, protocol:255
[   67.657982] firmadyne: sys_socket[PID: 3321 (iptables)]: family:2, type:3, protocol:255
